#usda 1.0
(
    defaultPrim = "World"
    endTimeCode = 179
    metersPerUnit = 1
    startTimeCode = 0
    timeCodesPerSecond = 30
    upAxis = "Z"
)

def Xform "World"
{
    def DomeLight "DomeLight"
    {
        float inputs:intensity = 800
    }

    def DistantLight "Sun"
    {
        float inputs:angle = 1
        float inputs:intensity = 1800
    }

    def Cube "Ground"
    {
        color3f[] primvars:displayColor = [(0.72, 0.72, 0.75)]
        double size = 1
        matrix4d xformOp:transform = ( (2, 0, 0, 0), (0, 2, 0, 0), (0, 0, 0.01, 0), (0, 0, -0.005, 1) )
        uniform token[] xformOpOrder = ["xformOp:transform"]
    }

    def Cube "Obstacle"
    {
        color3f[] primvars:displayColor = [(0.95, 0.55, 0.15)]
        double size = 1
        matrix4d xformOp:transform = ( (0.18, 0, 0, 0), (0, 0.22, 0, 0), (0, 0, 0.22, 0), (0.33, 0, 0.11, 1) )
        uniform token[] xformOpOrder = ["xformOp:transform"]
    }

    def Sphere "Target"
    {
        color3f[] primvars:displayColor = [(0.1, 0.8, 0.2)]
        double radius = 0.02
        matrix4d xformOp:transform = ( (1, 0, 0, 0), (0, 1, 0, 0), (0, 0, 1, 0), (0.3, 0.3, 0.2, 1) )
        uniform token[] xformOpOrder = ["xformOp:transform"]
    }

    def Xform "Arm"
    {
        def Cylinder "link_0"
        {
            uniform token axis = "Z"
            double height = 0.1
            color3f[] primvars:displayColor = [(0.15, 0.45, 0.85)]
            double radius = 0.035
            matrix4d xformOp:transform.timeSamples = {
                0: ( (1, 0, 0, 0), (0, 1, 0, 0), (0, 0, 1, 0), (0, 0, 0.05, 1) ),
                1: ( (1, 0, 0, 0), (0, 1, 0, 0), (0, 0, 1, 0), (0, 0, 0.05, 1) ),
                2: ( (1, 0, 0, 0), (0, 1, 0, 0), (0, 0, 1, 0), (0, 0, 0.05, 1) ),
                3: ( (1, 0, 0, 0), (0, 1, 0, 0), (0, 0, 1, 0), (0, 0, 0.05, 1) ),
                4: ( (1, 0, 0, 0), (0, 1, 0, 0), (0, 0, 1, 0), (0, 0, 0.05, 1) ),
                5: ( (1, 0, 0, 0), (0, 1, 0, 0), (0, 0, 1, 0), (0, 0, 0.05, 1) ),
                6: ( (1, 0, 0, 0), (0, 1, 0, 0), (0, 0, 1, 0), (0, 0, 0.05, 1) ),
                7: ( (1, 0, 0, 0), (0, 1, 0, 0), (0, 0, 1, 0), (0, 0, 0.05, 1) ),
                8: ( (1, 0, 0, 0), (0, 1, 0, 0), (0, 0, 1, 0), (0, 0, 0.05, 1) ),
                9: ( (1, 0, 0, 0), (0, 1, 0, 0), (0, 0, 1, 0), (0, 0, 0.05, 1) ),
                10: ( (1, 0, 0, 0), (0, 1, 0, 0), (0, 0, 1, 0), (0, 0, 0.05, 1) ),
                11: ( (1, 0, 0, 0), (0, 1, 0, 0), (0, 0, 1, 0), (0, 0, 0.05, 1) ),
                12: ( (1, 0, 0, 0), (0, 1, 0, 0), (0, 0, 1, 0), (0, 0, 0.05, 1) ),
                13: ( (1, 0, 0, 0), (0, 1, 0, 0), (0, 0, 1, 0), (0, 0, 0.05, 1) ),
                14: ( (1, 0, 0, 0), (0, 1, 0, 0), (0, 0, 1, 0), (0, 0, 0.05, 1) ),
                15: ( (1, 0, 0, 0), (0, 1, 0, 0), (0, 0, 1, 0), (0, 0, 0.05, 1) ),
                16: ( (1, 0, 0, 0), (0, 1, 0, 0), (0, 0, 1, 0), (0, 0, 0.05, 1) ),
                17: ( (1, 0, 0, 0), (0, 1, 0, 0), (0, 0, 1, 0), (0, 0, 0.05, 1) ),
                18: ( (1, 0, 0, 0), (0, 1, 0, 0), (0, 0, 1, 0), (0, 0, 0.05, 1) ),
                19: ( (1, 0, 0, 0), (0, 1, 0, 0), (0, 0, 1, 0), (0, 0, 0.05, 1) ),
                20: ( (1, 0, 0, 0), (0, 1, 0, 0), (0, 0, 1, 0), (0, 0, 0.05, 1) ),
                21: ( (1, 0, 0, 0), (0, 1, 0, 0), (0, 0, 1, 0), (0, 0, 0.05, 1) ),
                22: ( (1, 0, 0, 0), (0, 1, 0, 0), (0, 0, 1, 0), (0, 0, 0.05, 1) ),
                23: ( (1, 0, 0, 0), (0, 1, 0, 0), (0, 0, 1, 0), (0, 0, 0.05, 1) ),
                24: ( (1, 0, 0, 0), (0, 1, 0, 0), (0, 0, 1, 0), (0, 0, 0.05, 1) ),
                25: ( (1, 0, 0, 0), (0, 1, 0, 0), (0, 0, 1, 0), (0, 0, 0.05, 1) ),
                26: ( (1, 0, 0, 0), (0, 1, 0, 0), (0, 0, 1, 0), (0, 0, 0.05, 1) ),
                27: ( (1, 0, 0, 0), (0, 1, 0, 0), (0, 0, 1, 0), (0, 0, 0.05, 1) ),
                28: ( (1, 0, 0, 0), (0, 1, 0, 0), (0, 0, 1, 0), (0, 0, 0.05, 1) ),
                29: ( (1, 0, 0, 0), (0, 1, 0, 0), (0, 0, 1, 0), (0, 0, 0.05, 1) ),
                30: ( (1, 0, 0, 0), (0, 1, 0, 0), (0, 0, 1, 0), (0, 0, 0.05, 1) ),
                31: ( (1, 0, 0, 0), (0, 1, 0, 0), (0, 0, 1, 0), (0, 0, 0.05, 1) ),
                32: ( (1, 0, 0, 0), (0, 1, 0, 0), (0, 0, 1, 0), (0, 0, 0.05, 1) ),
                33: ( (1, 0, 0, 0), (0, 1, 0, 0), (0, 0, 1, 0), (0, 0, 0.05, 1) ),
                34: ( (1, 0, 0, 0), (0, 1, 0, 0), (0, 0, 1, 0), (0, 0, 0.05, 1) ),
                35: ( (1, 0, 0, 0), (0, 1, 0, 0), (0, 0, 1, 0), (0, 0, 0.05, 1) ),
                36: ( (1, 0, 0, 0), (0, 1, 0, 0), (0, 0, 1, 0), (0, 0, 0.05, 1) ),
                37: ( (1, 0, 0, 0), (0, 1, 0, 0), (0, 0, 1, 0), (0, 0, 0.05, 1) ),
                38: ( (1, 0, 0, 0), (0, 1, 0, 0), (0, 0, 1, 0), (0, 0, 0.05, 1) ),
                39: ( (1, 0, 0, 0), (0, 1, 0, 0), (0, 0, 1, 0), (0, 0, 0.05, 1) ),
                40: ( (1, 0, 0, 0), (0, 1, 0, 0), (0, 0, 1, 0), (0, 0, 0.05, 1) ),
                41: ( (1, 0, 0, 0), (0, 1, 0, 0), (0, 0, 1, 0), (0, 0, 0.05, 1) ),
                42: ( (1, 0, 0, 0), (0, 1, 0, 0), (0, 0, 1, 0), (0, 0, 0.05, 1) ),
                43: ( (1, 0, 0, 0), (0, 1, 0, 0), (0, 0, 1, 0), (0, 0, 0.05, 1) ),
                44: ( (1, 0, 0, 0), (0, 1, 0, 0), (0, 0, 1, 0), (0, 0, 0.05, 1) ),
                45: ( (1, 0, 0, 0), (0, 1, 0, 0), (0, 0, 1, 0), (0, 0, 0.05, 1) ),
                46: ( (1, 0, 0, 0), (0, 1, 0, 0), (0, 0, 1, 0), (0, 0, 0.05, 1) ),
                47: ( (1, 0, 0, 0), (0, 1, 0, 0), (0, 0, 1, 0), (0, 0, 0.05, 1) ),
                48: ( (1, 0, 0, 0), (0, 1, 0, 0), (0, 0, 1, 0), (0, 0, 0.05, 1) ),
                49: ( (1, 0, 0, 0), (0, 1, 0, 0), (0, 0, 1, 0), (0, 0, 0.05, 1) ),
                50: ( (1, 0, 0, 0), (0, 1, 0, 0), (0, 0, 1, 0), (0, 0, 0.05, 1) ),
                51: ( (1, 0, 0, 0), (0, 1, 0, 0), (0, 0, 1, 0), (0, 0, 0.05, 1) ),
                52: ( (1, 0, 0, 0), (0, 1, 0, 0), (0, 0, 1, 0), (0, 0, 0.05, 1) ),
                53: ( (1, 0, 0, 0), (0, 1, 0, 0), (0, 0, 1, 0), (0, 0, 0.05, 1) ),
                54: ( (1, 0, 0, 0), (0, 1, 0, 0), (0, 0, 1, 0), (0, 0, 0.05, 1) ),
                55: ( (1, 0, 0, 0), (0, 1, 0, 0), (0, 0, 1, 0), (0, 0, 0.05, 1) ),
                56: ( (1, 0, 0, 0), (0, 1, 0, 0), (0, 0, 1, 0), (0, 0, 0.05, 1) ),
                57: ( (1, 0, 0, 0), (0, 1, 0, 0), (0, 0, 1, 0), (0, 0, 0.05, 1) ),
                58: ( (1, 0, 0, 0), (0, 1, 0, 0), (0, 0, 1, 0), (0, 0, 0.05, 1) ),
                59: ( (1, 0, 0, 0), (0, 1, 0, 0), (0, 0, 1, 0), (0, 0, 0.05, 1) ),
                60: ( (1, 0, 0, 0), (0, 1, 0, 0), (0, 0, 1, 0), (0, 0, 0.05, 1) ),
                61: ( (1, 0, 0, 0), (0, 1, 0, 0), (0, 0, 1, 0), (0, 0, 0.05, 1) ),
                62: ( (1, 0, 0, 0), (0, 1, 0, 0), (0, 0, 1, 0), (0, 0, 0.05, 1) ),
                63: ( (1, 0, 0, 0), (0, 1, 0, 0), (0, 0, 1, 0), (0, 0, 0.05, 1) ),
                64: ( (1, 0, 0, 0), (0, 1, 0, 0), (0, 0, 1, 0), (0, 0, 0.05, 1) ),
                65: ( (1, 0, 0, 0), (0, 1, 0, 0), (0, 0, 1, 0), (0, 0, 0.05, 1) ),
                66: ( (1, 0, 0, 0), (0, 1, 0, 0), (0, 0, 1, 0), (0, 0, 0.05, 1) ),
                67: ( (1, 0, 0, 0), (0, 1, 0, 0), (0, 0, 1, 0), (0, 0, 0.05, 1) ),
                68: ( (1, 0, 0, 0), (0, 1, 0, 0), (0, 0, 1, 0), (0, 0, 0.05, 1) ),
                69: ( (1, 0, 0, 0), (0, 1, 0, 0), (0, 0, 1, 0), (0, 0, 0.05, 1) ),
                70: ( (1, 0, 0, 0), (0, 1, 0, 0), (0, 0, 1, 0), (0, 0, 0.05, 1) ),
                71: ( (1, 0, 0, 0), (0, 1, 0, 0), (0, 0, 1, 0), (0, 0, 0.05, 1) ),
                72: ( (1, 0, 0, 0), (0, 1, 0, 0), (0, 0, 1, 0), (0, 0, 0.05, 1) ),
                73: ( (1, 0, 0, 0), (0, 1, 0, 0), (0, 0, 1, 0), (0, 0, 0.05, 1) ),
                74: ( (1, 0, 0, 0), (0, 1, 0, 0), (0, 0, 1, 0), (0, 0, 0.05, 1) ),
                75: ( (1, 0, 0, 0), (0, 1, 0, 0), (0, 0, 1, 0), (0, 0, 0.05, 1) ),
                76: ( (1, 0, 0, 0), (0, 1, 0, 0), (0, 0, 1, 0), (0, 0, 0.05, 1) ),
                77: ( (1, 0, 0, 0), (0, 1, 0, 0), (0, 0, 1, 0), (0, 0, 0.05, 1) ),
                78: ( (1, 0, 0, 0), (0, 1, 0, 0), (0, 0, 1, 0), (0, 0, 0.05, 1) ),
                79: ( (1, 0, 0, 0), (0, 1, 0, 0), (0, 0, 1, 0), (0, 0, 0.05, 1) ),
                80: ( (1, 0, 0, 0), (0, 1, 0, 0), (0, 0, 1, 0), (0, 0, 0.05, 1) ),
                81: ( (1, 0, 0, 0), (0, 1, 0, 0), (0, 0, 1, 0), (0, 0, 0.05, 1) ),
                82: ( (1, 0, 0, 0), (0, 1, 0, 0), (0, 0, 1, 0), (0, 0, 0.05, 1) ),
                83: ( (1, 0, 0, 0), (0, 1, 0, 0), (0, 0, 1, 0), (0, 0, 0.05, 1) ),
                84: ( (1, 0, 0, 0), (0, 1, 0, 0), (0, 0, 1, 0), (0, 0, 0.05, 1) ),
                85: ( (1, 0, 0, 0), (0, 1, 0, 0), (0, 0, 1, 0), (0, 0, 0.05, 1) ),
                86: ( (1, 0, 0, 0), (0, 1, 0, 0), (0, 0, 1, 0), (0, 0, 0.05, 1) ),
                87: ( (1, 0, 0, 0), (0, 1, 0, 0), (0, 0, 1, 0), (0, 0, 0.05, 1) ),
                88: ( (1, 0, 0, 0), (0, 1, 0, 0), (0, 0, 1, 0), (0, 0, 0.05, 1) ),
                89: ( (1, 0, 0, 0), (0, 1, 0, 0), (0, 0, 1, 0), (0, 0, 0.05, 1) ),
                90: ( (1, 0, 0, 0), (0, 1, 0, 0), (0, 0, 1, 0), (0, 0, 0.05, 1) ),
                91: ( (1, 0, 0, 0), (0, 1, 0, 0), (0, 0, 1, 0), (0, 0, 0.05, 1) ),
                92: ( (1, 0, 0, 0), (0, 1, 0, 0), (0, 0, 1, 0), (0, 0, 0.05, 1) ),
                93: ( (1, 0, 0, 0), (0, 1, 0, 0), (0, 0, 1, 0), (0, 0, 0.05, 1) ),
                94: ( (1, 0, 0, 0), (0, 1, 0, 0), (0, 0, 1, 0), (0, 0, 0.05, 1) ),
                95: ( (1, 0, 0, 0), (0, 1, 0, 0), (0, 0, 1, 0), (0, 0, 0.05, 1) ),
                96: ( (1, 0, 0, 0), (0, 1, 0, 0), (0, 0, 1, 0), (0, 0, 0.05, 1) ),
                97: ( (1, 0, 0, 0), (0, 1, 0, 0), (0, 0, 1, 0), (0, 0, 0.05, 1) ),
                98: ( (1, 0, 0, 0), (0, 1, 0, 0), (0, 0, 1, 0), (0, 0, 0.05, 1) ),
                99: ( (1, 0, 0, 0), (0, 1, 0, 0), (0, 0, 1, 0), (0, 0, 0.05, 1) ),
                100: ( (1, 0, 0, 0), (0, 1, 0, 0), (0, 0, 1, 0), (0, 0, 0.05, 1) ),
                101: ( (1, 0, 0, 0), (0, 1, 0, 0), (0, 0, 1, 0), (0, 0, 0.05, 1) ),
                102: ( (1, 0, 0, 0), (0, 1, 0, 0), (0, 0, 1, 0), (0, 0, 0.05, 1) ),
                103: ( (1, 0, 0, 0), (0, 1, 0, 0), (0, 0, 1, 0), (0, 0, 0.05, 1) ),
                104: ( (1, 0, 0, 0), (0, 1, 0, 0), (0, 0, 1, 0), (0, 0, 0.05, 1) ),
                105: ( (1, 0, 0, 0), (0, 1, 0, 0), (0, 0, 1, 0), (0, 0, 0.05, 1) ),
                106: ( (1, 0, 0, 0), (0, 1, 0, 0), (0, 0, 1, 0), (0, 0, 0.05, 1) ),
                107: ( (1, 0, 0, 0), (0, 1, 0, 0), (0, 0, 1, 0), (0, 0, 0.05, 1) ),
                108: ( (1, 0, 0, 0), (0, 1, 0, 0), (0, 0, 1, 0), (0, 0, 0.05, 1) ),
                109: ( (1, 0, 0, 0), (0, 1, 0, 0), (0, 0, 1, 0), (0, 0, 0.05, 1) ),
                110: ( (1, 0, 0, 0), (0, 1, 0, 0), (0, 0, 1, 0), (0, 0, 0.05, 1) ),
                111: ( (1, 0, 0, 0), (0, 1, 0, 0), (0, 0, 1, 0), (0, 0, 0.05, 1) ),
                112: ( (1, 0, 0, 0), (0, 1, 0, 0), (0, 0, 1, 0), (0, 0, 0.05, 1) ),
                113: ( (1, 0, 0, 0), (0, 1, 0, 0), (0, 0, 1, 0), (0, 0, 0.05, 1) ),
                114: ( (1, 0, 0, 0), (0, 1, 0, 0), (0, 0, 1, 0), (0, 0, 0.05, 1) ),
                115: ( (1, 0, 0, 0), (0, 1, 0, 0), (0, 0, 1, 0), (0, 0, 0.05, 1) ),
                116: ( (1, 0, 0, 0), (0, 1, 0, 0), (0, 0, 1, 0), (0, 0, 0.05, 1) ),
                117: ( (1, 0, 0, 0), (0, 1, 0, 0), (0, 0, 1, 0), (0, 0, 0.05, 1) ),
                118: ( (1, 0, 0, 0), (0, 1, 0, 0), (0, 0, 1, 0), (0, 0, 0.05, 1) ),
                119: ( (1, 0, 0, 0), (0, 1, 0, 0), (0, 0, 1, 0), (0, 0, 0.05, 1) ),
                120: ( (1, 0, 0, 0), (0, 1, 0, 0), (0, 0, 1, 0), (0, 0, 0.05, 1) ),
                121: ( (1, 0, 0, 0), (0, 1, 0, 0), (0, 0, 1, 0), (0, 0, 0.05, 1) ),
                122: ( (1, 0, 0, 0), (0, 1, 0, 0), (0, 0, 1, 0), (0, 0, 0.05, 1) ),
                123: ( (1, 0, 0, 0), (0, 1, 0, 0), (0, 0, 1, 0), (0, 0, 0.05, 1) ),
                124: ( (1, 0, 0, 0), (0, 1, 0, 0), (0, 0, 1, 0), (0, 0, 0.05, 1) ),
                125: ( (1, 0, 0, 0), (0, 1, 0, 0), (0, 0, 1, 0), (0, 0, 0.05, 1) ),
                126: ( (1, 0, 0, 0), (0, 1, 0, 0), (0, 0, 1, 0), (0, 0, 0.05, 1) ),
                127: ( (1, 0, 0, 0), (0, 1, 0, 0), (0, 0, 1, 0), (0, 0, 0.05, 1) ),
                128: ( (1, 0, 0, 0), (0, 1, 0, 0), (0, 0, 1, 0), (0, 0, 0.05, 1) ),
                129: ( (1, 0, 0, 0), (0, 1, 0, 0), (0, 0, 1, 0), (0, 0, 0.05, 1) ),
                130: ( (1, 0, 0, 0), (0, 1, 0, 0), (0, 0, 1, 0), (0, 0, 0.05, 1) ),
                131: ( (1, 0, 0, 0), (0, 1, 0, 0), (0, 0, 1, 0), (0, 0, 0.05, 1) ),
                132: ( (1, 0, 0, 0), (0, 1, 0, 0), (0, 0, 1, 0), (0, 0, 0.05, 1) ),
                133: ( (1, 0, 0, 0), (0, 1, 0, 0), (0, 0, 1, 0), (0, 0, 0.05, 1) ),
                134: ( (1, 0, 0, 0), (0, 1, 0, 0), (0, 0, 1, 0), (0, 0, 0.05, 1) ),
                135: ( (1, 0, 0, 0), (0, 1, 0, 0), (0, 0, 1, 0), (0, 0, 0.05, 1) ),
                136: ( (1, 0, 0, 0), (0, 1, 0, 0), (0, 0, 1, 0), (0, 0, 0.05, 1) ),
                137: ( (1, 0, 0, 0), (0, 1, 0, 0), (0, 0, 1, 0), (0, 0, 0.05, 1) ),
                138: ( (1, 0, 0, 0), (0, 1, 0, 0), (0, 0, 1, 0), (0, 0, 0.05, 1) ),
                139: ( (1, 0, 0, 0), (0, 1, 0, 0), (0, 0, 1, 0), (0, 0, 0.05, 1) ),
                140: ( (1, 0, 0, 0), (0, 1, 0, 0), (0, 0, 1, 0), (0, 0, 0.05, 1) ),
                141: ( (1, 0, 0, 0), (0, 1, 0, 0), (0, 0, 1, 0), (0, 0, 0.05, 1) ),
                142: ( (1, 0, 0, 0), (0, 1, 0, 0), (0, 0, 1, 0), (0, 0, 0.05, 1) ),
                143: ( (1, 0, 0, 0), (0, 1, 0, 0), (0, 0, 1, 0), (0, 0, 0.05, 1) ),
                144: ( (1, 0, 0, 0), (0, 1, 0, 0), (0, 0, 1, 0), (0, 0, 0.05, 1) ),
                145: ( (1, 0, 0, 0), (0, 1, 0, 0), (0, 0, 1, 0), (0, 0, 0.05, 1) ),
                146: ( (1, 0, 0, 0), (0, 1, 0, 0), (0, 0, 1, 0), (0, 0, 0.05, 1) ),
                147: ( (1, 0, 0, 0), (0, 1, 0, 0), (0, 0, 1, 0), (0, 0, 0.05, 1) ),
                148: ( (1, 0, 0, 0), (0, 1, 0, 0), (0, 0, 1, 0), (0, 0, 0.05, 1) ),
                149: ( (1, 0, 0, 0), (0, 1, 0, 0), (0, 0, 1, 0), (0, 0, 0.05, 1) ),
                150: ( (1, 0, 0, 0), (0, 1, 0, 0), (0, 0, 1, 0), (0, 0, 0.05, 1) ),
                151: ( (1, 0, 0, 0), (0, 1, 0, 0), (0, 0, 1, 0), (0, 0, 0.05, 1) ),
                152: ( (1, 0, 0, 0), (0, 1, 0, 0), (0, 0, 1, 0), (0, 0, 0.05, 1) ),
                153: ( (1, 0, 0, 0), (0, 1, 0, 0), (0, 0, 1, 0), (0, 0, 0.05, 1) ),
                154: ( (1, 0, 0, 0), (0, 1, 0, 0), (0, 0, 1, 0), (0, 0, 0.05, 1) ),
                155: ( (1, 0, 0, 0), (0, 1, 0, 0), (0, 0, 1, 0), (0, 0, 0.05, 1) ),
                156: ( (1, 0, 0, 0), (0, 1, 0, 0), (0, 0, 1, 0), (0, 0, 0.05, 1) ),
                157: ( (1, 0, 0, 0), (0, 1, 0, 0), (0, 0, 1, 0), (0, 0, 0.05, 1) ),
                158: ( (1, 0, 0, 0), (0, 1, 0, 0), (0, 0, 1, 0), (0, 0, 0.05, 1) ),
                159: ( (1, 0, 0, 0), (0, 1, 0, 0), (0, 0, 1, 0), (0, 0, 0.05, 1) ),
                160: ( (1, 0, 0, 0), (0, 1, 0, 0), (0, 0, 1, 0), (0, 0, 0.05, 1) ),
                161: ( (1, 0, 0, 0), (0, 1, 0, 0), (0, 0, 1, 0), (0, 0, 0.05, 1) ),
                162: ( (1, 0, 0, 0), (0, 1, 0, 0), (0, 0, 1, 0), (0, 0, 0.05, 1) ),
                163: ( (1, 0, 0, 0), (0, 1, 0, 0), (0, 0, 1, 0), (0, 0, 0.05, 1) ),
                164: ( (1, 0, 0, 0), (0, 1, 0, 0), (0, 0, 1, 0), (0, 0, 0.05, 1) ),
                165: ( (1, 0, 0, 0), (0, 1, 0, 0), (0, 0, 1, 0), (0, 0, 0.05, 1) ),
                166: ( (1, 0, 0, 0), (0, 1, 0, 0), (0, 0, 1, 0), (0, 0, 0.05, 1) ),
                167: ( (1, 0, 0, 0), (0, 1, 0, 0), (0, 0, 1, 0), (0, 0, 0.05, 1) ),
                168: ( (1, 0, 0, 0), (0, 1, 0, 0), (0, 0, 1, 0), (0, 0, 0.05, 1) ),
                169: ( (1, 0, 0, 0), (0, 1, 0, 0), (0, 0, 1, 0), (0, 0, 0.05, 1) ),
                170: ( (1, 0, 0, 0), (0, 1, 0, 0), (0, 0, 1, 0), (0, 0, 0.05, 1) ),
                171: ( (1, 0, 0, 0), (0, 1, 0, 0), (0, 0, 1, 0), (0, 0, 0.05, 1) ),
                172: ( (1, 0, 0, 0), (0, 1, 0, 0), (0, 0, 1, 0), (0, 0, 0.05, 1) ),
                173: ( (1, 0, 0, 0), (0, 1, 0, 0), (0, 0, 1, 0), (0, 0, 0.05, 1) ),
                174: ( (1, 0, 0, 0), (0, 1, 0, 0), (0, 0, 1, 0), (0, 0, 0.05, 1) ),
                175: ( (1, 0, 0, 0), (0, 1, 0, 0), (0, 0, 1, 0), (0, 0, 0.05, 1) ),
                176: ( (1, 0, 0, 0), (0, 1, 0, 0), (0, 0, 1, 0), (0, 0, 0.05, 1) ),
                177: ( (1, 0, 0, 0), (0, 1, 0, 0), (0, 0, 1, 0), (0, 0, 0.05, 1) ),
                178: ( (1, 0, 0, 0), (0, 1, 0, 0), (0, 0, 1, 0), (0, 0, 0.05, 1) ),
                179: ( (1, 0, 0, 0), (0, 1, 0, 0), (0, 0, 1, 0), (0, 0, 0.05, 1) ),
            }
            uniform token[] xformOpOrder = ["xformOp:transform"]
        }

        def Cylinder "link_1"
        {
            uniform token axis = "Z"
            double height = 0.1
            color3f[] primvars:displayColor = [(0.15, 0.45, 0.85)]
            double radius = 0.035
            matrix4d xformOp:transform.timeSamples = {
                0: ( (1, 0, 0, 0), (0, 1, 0, 0), (0, 0, 1, 0), (0, 0, 0.15000000000000002, 1) ),
                1: ( (1, 0, 0, 0), (0, 1, 0, 0), (0, 0, 1, 0), (0, 0, 0.15000000000000002, 1) ),
                2: ( (1, 0, 0, 0), (0, 1, 0, 0), (0, 0, 1, 0), (0, 0, 0.15000000000000002, 1) ),
                3: ( (1, 0, 0, 0), (0, 1, 0, 0), (0, 0, 1, 0), (0, 0, 0.15000000000000002, 1) ),
                4: ( (1, 0, 0, 0), (0, 1, 0, 0), (0, 0, 1, 0), (0, 0, 0.15000000000000002, 1) ),
                5: ( (1, 0, 0, 0), (0, 1, 0, 0), (0, 0, 1, 0), (0, 0, 0.15000000000000002, 1) ),
                6: ( (1, 0, 0, 0), (0, 1, 0, 0), (0, 0, 1, 0), (0, 0, 0.15000000000000002, 1) ),
                7: ( (1, 0, 0, 0), (0, 1, 0, 0), (0, 0, 1, 0), (0, 0, 0.15000000000000002, 1) ),
                8: ( (1, 0, 0, 0), (0, 1, 0, 0), (0, 0, 1, 0), (0, 0, 0.15000000000000002, 1) ),
                9: ( (1, 0, 0, 0), (0, 1, 0, 0), (0, 0, 1, 0), (0, 0, 0.15000000000000002, 1) ),
                10: ( (1, 0, 0, 0), (0, 1, 0, 0), (0, 0, 1, 0), (0, 0, 0.15000000000000002, 1) ),
                11: ( (1, 0, 0, 0), (0, 1, 0, 0), (0, 0, 1, 0), (0, 0, 0.15000000000000002, 1) ),
                12: ( (1, 0, 0, 0), (0, 1, 0, 0), (0, 0, 1, 0), (0, 0, 0.15000000000000002, 1) ),
                13: ( (1, 0, 0, 0), (0, 1, 0, 0), (0, 0, 1, 0), (0, 0, 0.15000000000000002, 1) ),
                14: ( (1, 0, 0, 0), (0, 1, 0, 0), (0, 0, 1, 0), (0, 0, 0.15000000000000002, 1) ),
                15: ( (1, 0, 0, 0), (0, 1, 0, 0), (0, 0, 1, 0), (0, 0, 0.15000000000000002, 1) ),
                16: ( (1, 0, 0, 0), (0, 1, 0, 0), (0, 0, 1, 0), (0, 0, 0.15000000000000002, 1) ),
                17: ( (1, 0, 0, 0), (0, 1, 0, 0), (0, 0, 1, 0), (0, 0, 0.15000000000000002, 1) ),
                18: ( (1, 0, 0, 0), (0, 1, 0, 0), (0, 0, 1, 0), (0, 0, 0.15000000000000002, 1) ),
                19: ( (1, 0, 0, 0), (0, 1, 0, 0), (0, 0, 1, 0), (0, 0, 0.15000000000000002, 1) ),
                20: ( (1, 0, 0, 0), (0, 1, 0, 0), (0, 0, 1, 0), (0, 0, 0.15000000000000002, 1) ),
                21: ( (1, 0, 0, 0), (0, 1, 0, 0), (0, 0, 1, 0), (0, 0, 0.15000000000000002, 1) ),
                22: ( (1, 0, 0, 0), (0, 1, 0, 0), (0, 0, 1, 0), (0, 0, 0.15000000000000002, 1) ),
                23: ( (1, 0, 0, 0), (0, 1, 0, 0), (0, 0, 1, 0), (0, 0, 0.15000000000000002, 1) ),
                24: ( (1, 0, 0, 0), (0, 1, 0, 0), (0, 0, 1, 0), (0, 0, 0.15000000000000002, 1) ),
                25: ( (1, 0, 0, 0), (0, 1, 0, 0), (0, 0, 1, 0), (0, 0, 0.15000000000000002, 1) ),
                26: ( (1, 0, 0, 0), (0, 1, 0, 0), (0, 0, 1, 0), (0, 0, 0.15000000000000002, 1) ),
                27: ( (1, 0, 0, 0), (0, 1, 0, 0), (0, 0, 1, 0), (0, 0, 0.15000000000000002, 1) ),
                28: ( (1, 0, 0, 0), (0, 1, 0, 0), (0, 0, 1, 0), (0, 0, 0.15000000000000002, 1) ),
                29: ( (1, 0, 0, 0), (0, 1, 0, 0), (0, 0, 1, 0), (0, 0, 0.15000000000000002, 1) ),
                30: ( (1, 0, 0, 0), (0, 1, 0, 0), (0, 0, 1, 0), (0, 0, 0.15000000000000002, 1) ),
                31: ( (1, 0, 0, 0), (0, 1, 0, 0), (0, 0, 1, 0), (0, 0, 0.15000000000000002, 1) ),
                32: ( (1, 0, 0, 0), (0, 1, 0, 0), (0, 0, 1, 0), (0, 0, 0.15000000000000002, 1) ),
                33: ( (1, 0, 0, 0), (0, 1, 0, 0), (0, 0, 1, 0), (0, 0, 0.15000000000000002, 1) ),
                34: ( (1, 0, 0, 0), (0, 1, 0, 0), (0, 0, 1, 0), (0, 0, 0.15000000000000002, 1) ),
                35: ( (1, 0, 0, 0), (0, 1, 0, 0), (0, 0, 1, 0), (0, 0, 0.15000000000000002, 1) ),
                36: ( (1, 0, 0, 0), (0, 1, 0, 0), (0, 0, 1, 0), (0, 0, 0.15000000000000002, 1) ),
                37: ( (1, 0, 0, 0), (0, 1, 0, 0), (0, 0, 1, 0), (0, 0, 0.15000000000000002, 1) ),
                38: ( (1, 0, 0, 0), (0, 1, 0, 0), (0, 0, 1, 0), (0, 0, 0.15000000000000002, 1) ),
                39: ( (1, 0, 0, 0), (0, 1, 0, 0), (0, 0, 1, 0), (0, 0, 0.15000000000000002, 1) ),
                40: ( (1, 0, 0, 0), (0, 1, 0, 0), (0, 0, 1, 0), (0, 0, 0.15000000000000002, 1) ),
                41: ( (1, 0, 0, 0), (0, 1, 0, 0), (0, 0, 1, 0), (0, 0, 0.15000000000000002, 1) ),
                42: ( (1, 0, 0, 0), (0, 1, 0, 0), (0, 0, 1, 0), (0, 0, 0.15000000000000002, 1) ),
                43: ( (1, 0, 0, 0), (0, 1, 0, 0), (0, 0, 1, 0), (0, 0, 0.15000000000000002, 1) ),
                44: ( (1, 0, 0, 0), (0, 1, 0, 0), (0, 0, 1, 0), (0, 0, 0.15000000000000002, 1) ),
                45: ( (1, 0, 0, 0), (0, 1, 0, 0), (0, 0, 1, 0), (0, 0, 0.15000000000000002, 1) ),
                46: ( (1, 0, 0, 0), (0, 1, 0, 0), (0, 0, 1, 0), (0, 0, 0.15000000000000002, 1) ),
                47: ( (1, 0, 0, 0), (0, 1, 0, 0), (0, 0, 1, 0), (0, 0, 0.15000000000000002, 1) ),
                48: ( (1, 0, 0, 0), (0, 1, 0, 0), (0, 0, 1, 0), (0, 0, 0.15000000000000002, 1) ),
                49: ( (1, 0, 0, 0), (0, 1, 0, 0), (0, 0, 1, 0), (0, 0, 0.15000000000000002, 1) ),
                50: ( (1, 0, 0, 0), (0, 1, 0, 0), (0, 0, 1, 0), (0, 0, 0.15000000000000002, 1) ),
                51: ( (1, 0, 0, 0), (0, 1, 0, 0), (0, 0, 1, 0), (0, 0, 0.15000000000000002, 1) ),
                52: ( (1, 0, 0, 0), (0, 1, 0, 0), (0, 0, 1, 0), (0, 0, 0.15000000000000002, 1) ),
                53: ( (1, 0, 0, 0), (0, 1, 0, 0), (0, 0, 1, 0), (0, 0, 0.15000000000000002, 1) ),
                54: ( (1, 0, 0, 0), (0, 1, 0, 0), (0, 0, 1, 0), (0, 0, 0.15000000000000002, 1) ),
                55: ( (1, 0, 0, 0), (0, 1, 0, 0), (0, 0, 1, 0), (0, 0, 0.15000000000000002, 1) ),
                56: ( (1, 0, 0, 0), (0, 1, 0, 0), (0, 0, 1, 0), (0, 0, 0.15000000000000002, 1) ),
                57: ( (1, 0, 0, 0), (0, 1, 0, 0), (0, 0, 1, 0), (0, 0, 0.15000000000000002, 1) ),
                58: ( (1, 0, 0, 0), (0, 1, 0, 0), (0, 0, 1, 0), (0, 0, 0.15000000000000002, 1) ),
                59: ( (1, 0, 0, 0), (0, 1, 0, 0), (0, 0, 1, 0), (0, 0, 0.15000000000000002, 1) ),
                60: ( (1, 0, 0, 0), (0, 1, 0, 0), (0, 0, 1, 0), (0, 0, 0.15000000000000002, 1) ),
                61: ( (1, 0, 0, 0), (0, 1, 0, 0), (0, 0, 1, 0), (0, 0, 0.15000000000000002, 1) ),
                62: ( (1, 0, 0, 0), (0, 1, 0, 0), (0, 0, 1, 0), (0, 0, 0.15000000000000002, 1) ),
                63: ( (1, 0, 0, 0), (0, 1, 0, 0), (0, 0, 1, 0), (0, 0, 0.15000000000000002, 1) ),
                64: ( (1, 0, 0, 0), (0, 1, 0, 0), (0, 0, 1, 0), (0, 0, 0.15000000000000002, 1) ),
                65: ( (1, 0, 0, 0), (0, 1, 0, 0), (0, 0, 1, 0), (0, 0, 0.15000000000000002, 1) ),
                66: ( (1, 0, 0, 0), (0, 1, 0, 0), (0, 0, 1, 0), (0, 0, 0.15000000000000002, 1) ),
                67: ( (1, 0, 0, 0), (0, 1, 0, 0), (0, 0, 1, 0), (0, 0, 0.15000000000000002, 1) ),
                68: ( (1, 0, 0, 0), (0, 1, 0, 0), (0, 0, 1, 0), (0, 0, 0.15000000000000002, 1) ),
                69: ( (1, 0, 0, 0), (0, 1, 0, 0), (0, 0, 1, 0), (0, 0, 0.15000000000000002, 1) ),
                70: ( (1, 0, 0, 0), (0, 1, 0, 0), (0, 0, 1, 0), (0, 0, 0.15000000000000002, 1) ),
                71: ( (1, 0, 0, 0), (0, 1, 0, 0), (0, 0, 1, 0), (0, 0, 0.15000000000000002, 1) ),
                72: ( (1, 0, 0, 0), (0, 1, 0, 0), (0, 0, 1, 0), (0, 0, 0.15000000000000002, 1) ),
                73: ( (1, 0, 0, 0), (0, 1, 0, 0), (0, 0, 1, 0), (0, 0, 0.15000000000000002, 1) ),
                74: ( (1, 0, 0, 0), (0, 1, 0, 0), (0, 0, 1, 0), (0, 0, 0.15000000000000002, 1) ),
                75: ( (1, 0, 0, 0), (0, 1, 0, 0), (0, 0, 1, 0), (0, 0, 0.15000000000000002, 1) ),
                76: ( (1, 0, 0, 0), (0, 1, 0, 0), (0, 0, 1, 0), (0, 0, 0.15000000000000002, 1) ),
                77: ( (1, 0, 0, 0), (0, 1, 0, 0), (0, 0, 1, 0), (0, 0, 0.15000000000000002, 1) ),
                78: ( (1, 0, 0, 0), (0, 1, 0, 0), (0, 0, 1, 0), (0, 0, 0.15000000000000002, 1) ),
                79: ( (1, 0, 0, 0), (0, 1, 0, 0), (0, 0, 1, 0), (0, 0, 0.15000000000000002, 1) ),
                80: ( (1, 0, 0, 0), (0, 1, 0, 0), (0, 0, 1, 0), (0, 0, 0.15000000000000002, 1) ),
                81: ( (1, 0, 0, 0), (0, 1, 0, 0), (0, 0, 1, 0), (0, 0, 0.15000000000000002, 1) ),
                82: ( (1, 0, 0, 0), (0, 1, 0, 0), (0, 0, 1, 0), (0, 0, 0.15000000000000002, 1) ),
                83: ( (1, 0, 0, 0), (0, 1, 0, 0), (0, 0, 1, 0), (0, 0, 0.15000000000000002, 1) ),
                84: ( (1, 0, 0, 0), (0, 1, 0, 0), (0, 0, 1, 0), (0, 0, 0.15000000000000002, 1) ),
                85: ( (1, 0, 0, 0), (0, 1, 0, 0), (0, 0, 1, 0), (0, 0, 0.15000000000000002, 1) ),
                86: ( (1, 0, 0, 0), (0, 1, 0, 0), (0, 0, 1, 0), (0, 0, 0.15000000000000002, 1) ),
                87: ( (1, 0, 0, 0), (0, 1, 0, 0), (0, 0, 1, 0), (0, 0, 0.15000000000000002, 1) ),
                88: ( (1, 0, 0, 0), (0, 1, 0, 0), (0, 0, 1, 0), (0, 0, 0.15000000000000002, 1) ),
                89: ( (1, 0, 0, 0), (0, 1, 0, 0), (0, 0, 1, 0), (0, 0, 0.15000000000000002, 1) ),
                90: ( (1, 0, 0, 0), (0, 1, 0, 0), (0, 0, 1, 0), (0, 0, 0.15000000000000002, 1) ),
                91: ( (1, 0, 0, 0), (0, 1, 0, 0), (0, 0, 1, 0), (0, 0, 0.15000000000000002, 1) ),
                92: ( (1, 0, 0, 0), (0, 1, 0, 0), (0, 0, 1, 0), (0, 0, 0.15000000000000002, 1) ),
                93: ( (1, 0, 0, 0), (0, 1, 0, 0), (0, 0, 1, 0), (0, 0, 0.15000000000000002, 1) ),
                94: ( (1, 0, 0, 0), (0, 1, 0, 0), (0, 0, 1, 0), (0, 0, 0.15000000000000002, 1) ),
                95: ( (1, 0, 0, 0), (0, 1, 0, 0), (0, 0, 1, 0), (0, 0, 0.15000000000000002, 1) ),
                96: ( (1, 0, 0, 0), (0, 1, 0, 0), (0, 0, 1, 0), (0, 0, 0.15000000000000002, 1) ),
                97: ( (1, 0, 0, 0), (0, 1, 0, 0), (0, 0, 1, 0), (0, 0, 0.15000000000000002, 1) ),
                98: ( (1, 0, 0, 0), (0, 1, 0, 0), (0, 0, 1, 0), (0, 0, 0.15000000000000002, 1) ),
                99: ( (1, 0, 0, 0), (0, 1, 0, 0), (0, 0, 1, 0), (0, 0, 0.15000000000000002, 1) ),
                100: ( (1, 0, 0, 0), (0, 1, 0, 0), (0, 0, 1, 0), (0, 0, 0.15000000000000002, 1) ),
                101: ( (1, 0, 0, 0), (0, 1, 0, 0), (0, 0, 1, 0), (0, 0, 0.15000000000000002, 1) ),
                102: ( (1, 0, 0, 0), (0, 1, 0, 0), (0, 0, 1, 0), (0, 0, 0.15000000000000002, 1) ),
                103: ( (1, 0, 0, 0), (0, 1, 0, 0), (0, 0, 1, 0), (0, 0, 0.15000000000000002, 1) ),
                104: ( (1, 0, 0, 0), (0, 1, 0, 0), (0, 0, 1, 0), (0, 0, 0.15000000000000002, 1) ),
                105: ( (1, 0, 0, 0), (0, 1, 0, 0), (0, 0, 1, 0), (0, 0, 0.15000000000000002, 1) ),
                106: ( (1, 0, 0, 0), (0, 1, 0, 0), (0, 0, 1, 0), (0, 0, 0.15000000000000002, 1) ),
                107: ( (1, 0, 0, 0), (0, 1, 0, 0), (0, 0, 1, 0), (0, 0, 0.15000000000000002, 1) ),
                108: ( (1, 0, 0, 0), (0, 1, 0, 0), (0, 0, 1, 0), (0, 0, 0.15000000000000002, 1) ),
                109: ( (1, 0, 0, 0), (0, 1, 0, 0), (0, 0, 1, 0), (0, 0, 0.15000000000000002, 1) ),
                110: ( (1, 0, 0, 0), (0, 1, 0, 0), (0, 0, 1, 0), (0, 0, 0.15000000000000002, 1) ),
                111: ( (1, 0, 0, 0), (0, 1, 0, 0), (0, 0, 1, 0), (0, 0, 0.15000000000000002, 1) ),
                112: ( (1, 0, 0, 0), (0, 1, 0, 0), (0, 0, 1, 0), (0, 0, 0.15000000000000002, 1) ),
                113: ( (1, 0, 0, 0), (0, 1, 0, 0), (0, 0, 1, 0), (0, 0, 0.15000000000000002, 1) ),
                114: ( (1, 0, 0, 0), (0, 1, 0, 0), (0, 0, 1, 0), (0, 0, 0.15000000000000002, 1) ),
                115: ( (1, 0, 0, 0), (0, 1, 0, 0), (0, 0, 1, 0), (0, 0, 0.15000000000000002, 1) ),
                116: ( (1, 0, 0, 0), (0, 1, 0, 0), (0, 0, 1, 0), (0, 0, 0.15000000000000002, 1) ),
                117: ( (1, 0, 0, 0), (0, 1, 0, 0), (0, 0, 1, 0), (0, 0, 0.15000000000000002, 1) ),
                118: ( (1, 0, 0, 0), (0, 1, 0, 0), (0, 0, 1, 0), (0, 0, 0.15000000000000002, 1) ),
                119: ( (1, 0, 0, 0), (0, 1, 0, 0), (0, 0, 1, 0), (0, 0, 0.15000000000000002, 1) ),
                120: ( (1, 0, 0, 0), (0, 1, 0, 0), (0, 0, 1, 0), (0, 0, 0.15000000000000002, 1) ),
                121: ( (1, 0, 0, 0), (0, 1, 0, 0), (0, 0, 1, 0), (0, 0, 0.15000000000000002, 1) ),
                122: ( (1, 0, 0, 0), (0, 1, 0, 0), (0, 0, 1, 0), (0, 0, 0.15000000000000002, 1) ),
                123: ( (1, 0, 0, 0), (0, 1, 0, 0), (0, 0, 1, 0), (0, 0, 0.15000000000000002, 1) ),
                124: ( (1, 0, 0, 0), (0, 1, 0, 0), (0, 0, 1, 0), (0, 0, 0.15000000000000002, 1) ),
                125: ( (1, 0, 0, 0), (0, 1, 0, 0), (0, 0, 1, 0), (0, 0, 0.15000000000000002, 1) ),
                126: ( (1, 0, 0, 0), (0, 1, 0, 0), (0, 0, 1, 0), (0, 0, 0.15000000000000002, 1) ),
                127: ( (1, 0, 0, 0), (0, 1, 0, 0), (0, 0, 1, 0), (0, 0, 0.15000000000000002, 1) ),
                128: ( (1, 0, 0, 0), (0, 1, 0, 0), (0, 0, 1, 0), (0, 0, 0.15000000000000002, 1) ),
                129: ( (1, 0, 0, 0), (0, 1, 0, 0), (0, 0, 1, 0), (0, 0, 0.15000000000000002, 1) ),
                130: ( (1, 0, 0, 0), (0, 1, 0, 0), (0, 0, 1, 0), (0, 0, 0.15000000000000002, 1) ),
                131: ( (1, 0, 0, 0), (0, 1, 0, 0), (0, 0, 1, 0), (0, 0, 0.15000000000000002, 1) ),
                132: ( (1, 0, 0, 0), (0, 1, 0, 0), (0, 0, 1, 0), (0, 0, 0.15000000000000002, 1) ),
                133: ( (1, 0, 0, 0), (0, 1, 0, 0), (0, 0, 1, 0), (0, 0, 0.15000000000000002, 1) ),
                134: ( (1, 0, 0, 0), (0, 1, 0, 0), (0, 0, 1, 0), (0, 0, 0.15000000000000002, 1) ),
                135: ( (1, 0, 0, 0), (0, 1, 0, 0), (0, 0, 1, 0), (0, 0, 0.15000000000000002, 1) ),
                136: ( (1, 0, 0, 0), (0, 1, 0, 0), (0, 0, 1, 0), (0, 0, 0.15000000000000002, 1) ),
                137: ( (1, 0, 0, 0), (0, 1, 0, 0), (0, 0, 1, 0), (0, 0, 0.15000000000000002, 1) ),
                138: ( (1, 0, 0, 0), (0, 1, 0, 0), (0, 0, 1, 0), (0, 0, 0.15000000000000002, 1) ),
                139: ( (1, 0, 0, 0), (0, 1, 0, 0), (0, 0, 1, 0), (0, 0, 0.15000000000000002, 1) ),
                140: ( (1, 0, 0, 0), (0, 1, 0, 0), (0, 0, 1, 0), (0, 0, 0.15000000000000002, 1) ),
                141: ( (1, 0, 0, 0), (0, 1, 0, 0), (0, 0, 1, 0), (0, 0, 0.15000000000000002, 1) ),
                142: ( (1, 0, 0, 0), (0, 1, 0, 0), (0, 0, 1, 0), (0, 0, 0.15000000000000002, 1) ),
                143: ( (1, 0, 0, 0), (0, 1, 0, 0), (0, 0, 1, 0), (0, 0, 0.15000000000000002, 1) ),
                144: ( (1, 0, 0, 0), (0, 1, 0, 0), (0, 0, 1, 0), (0, 0, 0.15000000000000002, 1) ),
                145: ( (1, 0, 0, 0), (0, 1, 0, 0), (0, 0, 1, 0), (0, 0, 0.15000000000000002, 1) ),
                146: ( (1, 0, 0, 0), (0, 1, 0, 0), (0, 0, 1, 0), (0, 0, 0.15000000000000002, 1) ),
                147: ( (1, 0, 0, 0), (0, 1, 0, 0), (0, 0, 1, 0), (0, 0, 0.15000000000000002, 1) ),
                148: ( (1, 0, 0, 0), (0, 1, 0, 0), (0, 0, 1, 0), (0, 0, 0.15000000000000002, 1) ),
                149: ( (1, 0, 0, 0), (0, 1, 0, 0), (0, 0, 1, 0), (0, 0, 0.15000000000000002, 1) ),
                150: ( (1, 0, 0, 0), (0, 1, 0, 0), (0, 0, 1, 0), (0, 0, 0.15000000000000002, 1) ),
                151: ( (1, 0, 0, 0), (0, 1, 0, 0), (0, 0, 1, 0), (0, 0, 0.15000000000000002, 1) ),
                152: ( (1, 0, 0, 0), (0, 1, 0, 0), (0, 0, 1, 0), (0, 0, 0.15000000000000002, 1) ),
                153: ( (1, 0, 0, 0), (0, 1, 0, 0), (0, 0, 1, 0), (0, 0, 0.15000000000000002, 1) ),
                154: ( (1, 0, 0, 0), (0, 1, 0, 0), (0, 0, 1, 0), (0, 0, 0.15000000000000002, 1) ),
                155: ( (1, 0, 0, 0), (0, 1, 0, 0), (0, 0, 1, 0), (0, 0, 0.15000000000000002, 1) ),
                156: ( (1, 0, 0, 0), (0, 1, 0, 0), (0, 0, 1, 0), (0, 0, 0.15000000000000002, 1) ),
                157: ( (1, 0, 0, 0), (0, 1, 0, 0), (0, 0, 1, 0), (0, 0, 0.15000000000000002, 1) ),
                158: ( (1, 0, 0, 0), (0, 1, 0, 0), (0, 0, 1, 0), (0, 0, 0.15000000000000002, 1) ),
                159: ( (1, 0, 0, 0), (0, 1, 0, 0), (0, 0, 1, 0), (0, 0, 0.15000000000000002, 1) ),
                160: ( (1, 0, 0, 0), (0, 1, 0, 0), (0, 0, 1, 0), (0, 0, 0.15000000000000002, 1) ),
                161: ( (1, 0, 0, 0), (0, 1, 0, 0), (0, 0, 1, 0), (0, 0, 0.15000000000000002, 1) ),
                162: ( (1, 0, 0, 0), (0, 1, 0, 0), (0, 0, 1, 0), (0, 0, 0.15000000000000002, 1) ),
                163: ( (1, 0, 0, 0), (0, 1, 0, 0), (0, 0, 1, 0), (0, 0, 0.15000000000000002, 1) ),
                164: ( (1, 0, 0, 0), (0, 1, 0, 0), (0, 0, 1, 0), (0, 0, 0.15000000000000002, 1) ),
                165: ( (1, 0, 0, 0), (0, 1, 0, 0), (0, 0, 1, 0), (0, 0, 0.15000000000000002, 1) ),
                166: ( (1, 0, 0, 0), (0, 1, 0, 0), (0, 0, 1, 0), (0, 0, 0.15000000000000002, 1) ),
                167: ( (1, 0, 0, 0), (0, 1, 0, 0), (0, 0, 1, 0), (0, 0, 0.15000000000000002, 1) ),
                168: ( (1, 0, 0, 0), (0, 1, 0, 0), (0, 0, 1, 0), (0, 0, 0.15000000000000002, 1) ),
                169: ( (1, 0, 0, 0), (0, 1, 0, 0), (0, 0, 1, 0), (0, 0, 0.15000000000000002, 1) ),
                170: ( (1, 0, 0, 0), (0, 1, 0, 0), (0, 0, 1, 0), (0, 0, 0.15000000000000002, 1) ),
                171: ( (1, 0, 0, 0), (0, 1, 0, 0), (0, 0, 1, 0), (0, 0, 0.15000000000000002, 1) ),
                172: ( (1, 0, 0, 0), (0, 1, 0, 0), (0, 0, 1, 0), (0, 0, 0.15000000000000002, 1) ),
                173: ( (1, 0, 0, 0), (0, 1, 0, 0), (0, 0, 1, 0), (0, 0, 0.15000000000000002, 1) ),
                174: ( (1, 0, 0, 0), (0, 1, 0, 0), (0, 0, 1, 0), (0, 0, 0.15000000000000002, 1) ),
                175: ( (1, 0, 0, 0), (0, 1, 0, 0), (0, 0, 1, 0), (0, 0, 0.15000000000000002, 1) ),
                176: ( (1, 0, 0, 0), (0, 1, 0, 0), (0, 0, 1, 0), (0, 0, 0.15000000000000002, 1) ),
                177: ( (1, 0, 0, 0), (0, 1, 0, 0), (0, 0, 1, 0), (0, 0, 0.15000000000000002, 1) ),
                178: ( (1, 0, 0, 0), (0, 1, 0, 0), (0, 0, 1, 0), (0, 0, 0.15000000000000002, 1) ),
                179: ( (1, 0, 0, 0), (0, 1, 0, 0), (0, 0, 1, 0), (0, 0, 0.15000000000000002, 1) ),
            }
            uniform token[] xformOpOrder = ["xformOp:transform"]
        }

        def Cylinder "link_2"
        {
            uniform token axis = "Z"
            double height = 0.3
            color3f[] primvars:displayColor = [(0.15, 0.45, 0.85)]
            double radius = 0.035
            matrix4d xformOp:transform.timeSamples = {
                0: ( (0.9750966230568805, 2.6107725500743e-11, 0.22178046736146065, 0), (2.6107725500743e-11, 1, -2.3250595999588974e-10, 0), (-0.22178046736146065, 2.3250595999588974e-10, 0.9750966230568805, 0), (-0.033267070104219164, 3.487589399938353e-11, 0.34626449345853205, 1) ),
                1: ( (0.9751014136167342, 9.279613855664798e-7, 0.22175940377306558, 0), (9.279613855664798e-7, 0.9999999999654152, -0.00000826489345298562, 0), (-0.22175940377306558, 0.00000826489345298562, 0.9751014135821494, 0), (-0.03326391056595994, 0.0000012397340179478466, 0.3462652120373224, 1) ),
                2: ( (0.9751339580514373, 0.000007224369636703201, 0.22161625347150454, 0), (0.000007224369636703201, 0.9999999979010927, -0.00006438651297586195, 0), (-0.22161625347150454, 0.00006438651297586195, 0.97513395595253, 0), (-0.03324243802072575, 0.000009657976946379311, 0.3462700933928795, 1) ),
                3: ( (0.9752192820089846, 0.000023670195109312294, 0.22124048327013424, 0), (0.000023670195109312294, 0.9999999773905608, -0.00021132581416653402, 0), (-0.22124048327013424, 0.00021132581416653402, 0.9752192593995453, 0), (-0.03318607249052015, 0.00003169887212498012, 0.3462828889099318, 1) ),
                4: ( (0.97537937665591, 0.000054285695293016385, 0.22053359981506587, 0), (0.000054285695293016385, 0.9999998803061697, -0.00048625169371702587, 0), (-0.22053359981506587, 0.00048625169371702587, 0.9753792569620797, 0), (-0.03308003997225985, 0.00007293775405755381, 0.34630688854431196, 1) ),
                5: ( (0.9756330805680807, 0.00010215451252113234, 0.2194084812984506, 0), (0.00010215451252113234, 0.9999995717331254, -0.0009198358665184683, 0), (-0.2194084812984506, 0.0009198358665184683, 0.9756326523012061, 0), (-0.03291127219476768, 0.00013797537997777064, 0.3463448978451809, 1) ),
                6: ( (0.9759959293743375, 0.0001692320419636405, 0.2177886985250592, 0), (0.0001692320419636405, 0.9999988068905281, -0.0015354406651593615, 0), (-0.2177886985250592, 0.0015354406651593615, 0.9759947362648657, 0), (-0.032668304778759, 0.00023031609977390506, 0.3463992104397298, 1) ),
                7: ( (0.9764799955596143, 0.0002561699246352461, 0.21560786778052732, 0), (0.0002561699246352461, 0.9999972099057016, -0.0023483095583632487, 0), (-0.21560786778052732, 0.0023483095583632487, 0.9764772054653159, 0), (-0.032341180167079084, 0.0003522464337544872, 0.3464715808197974, 1) ),
                8: ( (0.9770937350812591, 0.00036218414583240685, 0.21280907332066168, 0), (0.00036218414583240685, 0.9999942732978966, -0.003364846810226562, 0), (-0.21280907332066168, 0.003364846810226562, 0.9770880083791557, 0), (-0.03192136099809938, 0.0005047270215339861, 0.34656320125687334, 1) ),
                9: ( (0.9778418537076111, 0.0004849893172220626, 0.2093443907130665, 0), (0.0004849893172220626, 0.9999893847330587, -0.004582052658036352, 0), (-0.2093443907130665, 0.004582052658036352, 0.9778312384406698, 0), (-0.03140165860695996, 0.0006873078987054525, 0.3466746857661005, 1) ),
                10: ( (0.978725204178634, 0.0006208162125738635, 0.20517453373340824, 0), (0.0006208162125738635, 0.9999818840672771, -0.005987163309039184, 0), (-0.20517453373340824, 0.005987163309039184, 0.978707088245911, 0), (-0.030776180060011368, 0.0008980744963558815, 0.3468060632368866, 1) ),
                11: ( (0.9797407250765338, 0.0007645235570341439, 0.2002686374104507, 0), (0.0007645235570341439, 0.9999711492009725, -0.007557530642820409, 0), (-0.2002686374104507, 0.007557530642820409, 0.9797118742775063, 0), (-0.030040295611567586, 0.0011336295964230606, 0.346956781141626, 1) ),
                12: ( (0.9808814331419291, 0.0009098085305688084, 0.19460417869581545, 0), (0.0009098085305688084, 0.9999567043090395, -0.009260764322773883, 0), (-0.19460417869581545, 0.009260764322773883, 0.9808381374509686, 0), (-0.02919062680437232, 0.0013891146484160826, 0.3471257206176453, 1) ),
                13: ( (0.9821364820153882, 0.0010495135654604386, 0.18816702478307154, 0), (0.0010495135654604386, 0.9999383392047952, -0.011055148557651549, 0), (-0.18816702478307154, 0.011055148557651549, 0.9820748212201834, 0), (-0.028225053717460712, 0.0016582722836477313, 0.34731122318302754, 1) ),
                14: ( (0.9834913013180007, 0.0011760199690693226, 0.18095158802524494, 0), (0.0011760199690693226, 0.999916224591999, -0.012890336485729672, 0), (-0.18095158802524494, 0.012890336485729672, 0.9834075259099997, 0), (-0.027142738203786848, 0.0019335504728594586, 0.34751112888649993, 1) ),
                15: ( (0.9849278299382186, 0.0012817119280196202, 0.1729610563905216, 0), (0.0012817119280196202, 0.9998910053788078, -0.014708316596077721, 0), (-0.1729610563905216, 0.014708316596077721, 0.9848188353170264, 0), (-0.025944158458578347, 0.002206247489411667, 0.34772282529755394, 1) ),
                16: ( (0.9864248558111958, 0.001359487878143407, 0.16420766008493887, 0), (0.001359487878143407, 0.9998638535793717, -0.01644463736656865, 0), (-0.16420766008493887, 0.01644463736656865, 0.9862887093905675, 0), (-0.024631149012740803, 0.0024666956049852946, 0.3479433064085851, 1) ),
                17: ( (0.9879584709924364, 0.0014032904794861602, 0.15471292890420474, 0), (0.0014032904794861602, 0.9998364639433597, -0.01802986813786836, 0), (-0.15471292890420474, 0.01802986813786836, 0.9877949349357961, 0), (-0.02320693933563082, 0.002704480220680267, 0.34816924024036944, 1) ),
                18: ( (0.9895026453130196, 0.0014086220184949588, 0.14450789148882326, 0), (0.0014086220184949588, 0.9998109794276601, -0.019391266072956787, 0), (-0.14450789148882326, 0.019391266072956787, 0.9893136247406796, 0), (-0.021676183723323483, 0.0029086899109435176, 0.3483970437111019, 1) ),
                19: ( (0.9910299145111936, 0.0013730095062192114, 0.13363316724837496, 0), (0.0013730095062192114, 0.9997898397839663, -0.020454610962979246, 0), (-0.13363316724837496, 0.020454610962979246, 0.9908197542951599, 0), (-0.02004497508725627, 0.003068191644446891, 0.348622963144274, 1) ),
                20: ( (0.9925121699062979, 0.0012963835566601816, 0.12213890443902813, 0), (0.0012963835566601816, 0.999775554425655, -0.0211461618869293, 0), (-0.12213890443902813, 0.0211461618869293, 0.9922877243319529, 0), (-0.01832083566585446, 0.0031719242830394374, 0.3488431586497929, 1) ),
                21: ( (0.9939215271254525, 0.0011813377041545636, 0.11008452369809907, 0), (0.0011813377041545636, 0.9997704096407009, -0.02139468270608017, 0), (-0.11008452369809907, 0.02139468270608017, 0.9936919367661533, 0), (-0.01651267855471491, 0.0032092024059120357, 0.349053790514923, 1) ),
                22: ( (0.9952312420323127, 0.0010332403435496934, 0.09753823505278689, 0), (0.0010332403435496934, 0.9997761292112595, -0.021133477559157277, 0), (-0.09753823505278689, 0.021133477559157277, 0.9950073712435722, 0), (-0.014630735257918049, 0.003170021633873596, 0.34925110568653583, 1) ),
                23: ( (0.9964166338825653, 0.0008601798676370965, 0.08457630763241598, 0), (0.0008601798676370965, 0.9997935155436426, -0.02030237344448864, 0), (-0.08457630763241598, 0.02030237344448864, 0.9962101494262079, 0), (-0.012686446144862383, 0.003045356016673292, 0.34943152241393116, 1) ),
                24: ( (0.9974559698876571, 0.0006727344261382441, 0.07128208445230376, 0), (0.0006727344261382441, 0.9998221044609826, -0.01884958513081199, 0), (-0.07128208445230376, 0.01884958513081199, 0.9972780743486397, 0), (-0.010692312667845772, 0.002827437769621853, 0.3495917111522959, 1) ),
                25: ( (0.9983312627206712, 0.0004835703035564737, 0.057744748976090575, 0), (0.0004835703035564737, 0.9998598699499446, -0.01673339844267865, 0), (-0.057744748976090575, 0.01673339844267865, 0.9981911326706158, 0), (-0.008661712346413726, 0.002510009766401838, 0.34972866990059237, 1) ),
                26: ( (0.999028933697644, 0.0003068861861952104, 0.04405786485767572, 0), (0.0003068861861952104, 0.9999030147261325, -0.013923611688791589, 0), (-0.04405786485767572, 0.013923611688791589, 0.9989319484237765, 0), (-0.006608679728651509, 0.0020885417533187864, 0.3498397922635665, 1) ),
                27: ( (0.9995402996913867, 0.000157733342184932, 0.030317724404144594, 0), (0.000157733342184932, 0.9999458782020141, -0.010402681721342738, 0), (-0.030317724404144594, 0.010402681721342738, 0.9994861778934008, 0), (-0.00454765866062169, 0.0015604022582014112, 0.34992292668401015, 1) ),
                28: ( (0.9998618511157875, 0.00005125268887933304, 0.01662155397285932, 0), (0.00005125268887933304, 0.9999809854554212, -0.0061665306912765715, 0), (-0.01662155397285932, 0.0061665306912765715, 0.9998428365712088, 0), (-0.0024932330959301827, 0.0009249796036919621, 0.3499764254856813, 1) ),
                29: ( (0.9999953009286223, 0.0000018776783170708016, 0.003065634868728645, 0), (0.0000018776783170708016, 0.9999992497079574, -0.0012249816311449555, 0), (-0.003065634868728645, 0.0012249816311449555, 0.9999945506365797, 0), (-0.0004598452303136505, 0.000183747244673483, 0.34999918259548696, 1) ),
                30: ( (0.9999473994980734, 0.000022555953504368825, -0.01025659437968526, 0), (0.000022555953504368825, 0.9999903276390936, 0.004398195026049504, 0), (0.01025659437968526, -0.004398195026049504, 0.999937727137167, 0), (0.0015384891569537268, -0.0006597292539078277, 0.349990659070575, 1) ),
                31: ( (0.9997295260129487, 0.00012404226295630605, -0.023256384745741147, 0), (0.00012404226295630605, 0.9999431128916793, 0.010665626752109941, 0), (0.023256384745741147, -0.010665626752109941, 0.999672638904628, 0), (0.003488457711862156, -0.0015998440128169424, 0.34995089583569416, 1) ),
                32: ( (0.999357082386732, 0.00031431009236339107, -0.03585140293829841, 0), (0.00031431009236339107, 0.9998463398231395, 0.0175270634002647, 0), (0.03585140293829841, -0.0175270634002647, 0.9992034222098716, 0), (0.005377710440745004, -0.0026290595100398233, 0.34988051333148074, 1) ),
                33: ( (0.9988487288371155, 0.0005981203098670945, -0.0479672716815697, 0), (0.0005981203098670945, 0.9996892583462447, 0.024920453431470906, 0), (0.0479672716815697, -0.024920453431470906, 0.9985379871833602, 0), (0.0071950907522355285, -0.003738068014720674, 0.349780698077504, 1) ),
                34: ( (0.9982255102515739, 0.0009767727189688154, -0.0595388662811135, 0), (0.0009767727189688154, 0.9994623327943326, 0.03277333123694147, 0), (0.0595388662811135, -0.03277333123694147, 0.9976878430459065, 0), (0.008930829942167082, -0.00491599968554125, 0.349653176456886, 1) ),
                35: ( (0.9975099281763358, 0.0014480520229670849, -0.07051132061577155, 0), (0.0014480520229670849, 0.9991579139841302, 0.04100446400357283, 0), (0.07051132061577155, -0.04100446400357283, 0.996667842160466, 0), (0.010576698092365734, -0.006150669600535926, 0.34950017632406993, 1) ),
                36: ( (0.9967250143601799, 0.002006364783050616, -0.08084070910782876, 0), (0.002006364783050616, 0.9987708344141359, 0.04952569862251198, 0), (0.08084070910782876, -0.04952569862251198, 0.9954958487743159, 0), (0.012126106366174338, -0.007428854793376813, 0.3493243773161474, 1) ),
                37: ( (0.9958934583235579, 0.0026430499772065533, -0.09049438631849983, 0), (0.0026430499772065533, 0.9982988817032866, 0.0582439445503586, 0), (0.09049438631849983, -0.0582439445503586, 0.9941923400268445, 0), (0.013574157947775141, -0.008736591682553897, 0.3491288510040267, 1) ),
                38: ( (0.9950368339635858, 0.003346834059703733, -0.0994509816819329, 0), (0.003346834059703733, 0.9977431143465663, 0.06706322744836916, 0), (0.0994509816819329, -0.06706322744836916, 0.992779948310152, 0), (0.014917647252290101, -0.010059484117255487, 0.3489169922465228, 1) ),
                39: ( (0.9941749596887551, 0.004104392991451872, -0.1077000626092386, 0), (0.004104392991451872, 0.9971079956655821, 0.07588675074041065, 0), (0.1077000626092386, -0.07588675074041065, 0.9912829553543372, 0), (0.016155009391385793, -0.0113830126110616, 0.3486924433031506, 1) ),
                40: ( (0.9933254141949959, 0.0049009791554821755, -0.11524149390587375, 0), (0.0049009791554821755, 0.9964013352462316, 0.08461890759661292, 0), (0.11524149390587375, -0.08461890759661292, 0.9897267494412275, 0), (0.01728622408588121, -0.01269283613949205, 0.3484590124161841, 1) ),
                41: ( (0.9925032170275264, 0.0057210705254405895, -0.12208453440978406, 0), (0.0057210705254405895, 0.9956340408843041, 0.09316719371342498, 0), (0.12208453440978406, -0.09316719371342498, 0.9881372579118305, 0), (0.018312680161467684, -0.013975079057013805, 0.3482205886867745, 1) ),
                42: ( (0.9917206707336927, 0.006549002613399498, -0.12824672239197515, 0), (0.006549002613399498, 0.994819696879933, 0.10144398091798179, 0), (0.12824672239197515, -0.10144398091798179, 0.9865403676136257, 0), (0.01923700835879633, -0.015216597137697314, 0.34798105514204386, 1) ),
                43: ( (0.9909873507141731, 0.007369549912723984, -0.13375260916553497, 0), (0.007369549912723984, 0.9939739954153617, 0.10936812228481575, 0), (0.13375260916553497, -0.10936812228481575, 0.9849613461295348, 0), (0.02006289137483026, -0.016405218342722374, 0.34774420191943023, 1) ),
                44: ( (0.9903102205469663, 0.008168431841316803, -0.13863240530796855, 0), (0.008168431841316803, 0.9931140559937772, 0.11686637030746878, 0), (0.13863240530796855, -0.11686637030746878, 0.9834242765407435, 0), (0.020794860796195386, -0.017529955546120406, 0.3475136414811115, 1) ),
                45: ( (0.9896938449827135, 0.008932727524474472, -0.14292060587020378, 0), (0.008932727524474472, 0.992257673119348, 0.12387459995798443, 0), (0.14292060587020378, -0.12387459995798443, 0.9819515181020615, 0), (0.021438090880530662, -0.018581189993697747, 0.3472927277153092, 1) ),
                46: ( (0.9891406700598825, 0.009651193086668751, -0.14665466001968916, 0), (0.009651193086668751, 0.9914225344924776, 0.13033883754474618, 0), (0.14665466001968916, -0.13033883754474618, 0.9805632045523601, 0), (0.02199819900295338, -0.019550825631711934, 0.347084480682854, 1) ),
                47: ( (0.9886513396574705, 0.010314483524190057, -0.14987374694427982, 0), (0.010314483524190057, 0.990625451184569, 0.13621610365517836, 0), (0.14987374694427982, -0.13621610365517836, 0.9792767908420396, 0), (0.022481062041642002, -0.020432415548276784, 0.34689151862630596, 1) ),
                48: ( (0.9882250198844924, 0.010915287995315926, -0.15261771378930433, 0), (0.010915287995315926, 0.9898816379431693, 0.14147508385198965, 0), (0.15261771378930433, -0.14147508385198965, 0.9781066578276617, 0), (0.02289265706839563, -0.02122126257779843, 0.34671599867414926, 1) ),
                49: ( (0.9878597064793682, 0.011448392048997775, -0.1549262231966848, 0), (0.011448392048997775, 0.9892040764677711, 0.14609664410600456, 0), (0.1549262231966848, -0.14609664410600456, 0.9770637829471392, 0), (0.023238933479502732, -0.021914496615900694, 0.3465595674420709, 1) ),
                50: ( (0.9875524953072877, 0.011910682762186915, -0.15683814793757261, 0), (0.011910682762186915, 0.9886029877181316, 0.1500742093463177, 0), (0.15683814793757261, -0.1500742093463177, 0.9761554830254193, 0), (0.023525722190635867, -0.022511131401947635, 0.3464233224538129, 1) ),
                51: ( (0.9872998015837732, 0.012301113091017753, -0.1583912384236074, 0), (0.012301113091017753, 0.9880854315563548, 0.1534140233577559, 0), (0.1583912384236074, -0.1534140233577559, 0.975385233140128, 0), (0.02375868576354108, -0.023012103503663353, 0.3463077849710192, 1) ),
                52: ( (0.9870975191795355, 0.01262064032196726, -0.1596220757522907, 0), (0.01262064032196726, 0.9876550436809151, 0.15613530712018153, 0), (0.1596220757522907, -0.15613530712018153, 0.9747525628604505, 0), (0.023943311362843615, -0.023420296068027237, 0.3462128844290676, 1) ),
                53: ( (0.9869411169306432, 0.012872150877693844, -0.1605663085565469, 0), (0.012872150877693844, 0.987311911184279, 0.15827033128615228, 0), (0.1605663085565469, -0.15827033128615228, 0.9742530281149222, 0), (0.024084946283482074, -0.023740549692922875, 0.3461379542172383, 1) ),
                54: ( (0.9868256740319458, 0.013060380543153978, -0.16125915642674032, 0), (0.013060380543153978, 0.9870525793618884, 0.15986441766419143, 0), (0.16125915642674032, -0.15986441766419143, 0.9738782533938342, 0), (0.024188873464011124, -0.02397966264962879, 0.3460817380090751, 1) ),
                55: ( (0.9867458611412724, 0.013191836120954625, -0.16173614617742896, 0), (0.013191836120954625, 0.9868701737550055, 0.160975885189438, 0), (0.16173614617742896, -0.160975885189438, 0.9736160348962779, 0), (0.024260421926614338, -0.0241463827784157, 0.3460424052344417, 1) ),
                56: ( (0.9866958776234936, 0.01327472224610782, -0.16203402985204154, 0), (0.01327472224610782, 0.9867546129143782, 0.16167595876160584, 0), (0.16203402985204154, -0.16167595876160584, 0.9734504905378718, 0), (0.0243051044778063, -0.024251393814240935, 0.34601757358068075, 1) ),
                57: ( (0.9866693583087517, 0.01331887611050916, -0.16219181518729311, 0), (0.01331887611050916, 0.9866928790859669, 0.16204866522189681, 0), (0.16219181518729311, -0.16204866522189681, 0.9733622373947186, 0), (0.024328772278093984, -0.02430729978328454, 0.3460043356092078, 1) ),
                58: ( (0.986659265169293, 0.013335713488953882, -0.162251820332874, 0), (0.013335713488953882, 0.9866693059628079, 0.16219075009571768, 0), (0.162251820332874, -0.16219075009571768, 0.9733285711321009, 0), (0.024337773049931156, -0.02432861251435771, 0.34599928566981514, 1) ),
                59: ( (0.9866577804738608, 0.013338191779847236, -0.16226064486017194, 0), (0.013338191779847236, 0.9866658347505496, 0.1622116616524383, 0), (0.16226064486017194, -0.1622116616524383, 0.9733236152244104, 0), (0.024339096729025792, -0.02433174924786574, 0.34599854228366156, 1) ),
                60: ( (0.9866577804738609, 0.013338191779847136, -0.1622606448601713, 0), (0.013338191779847136, 0.9866658347505497, 0.1622116616524377, 0), (0.1622606448601713, -0.1622116616524377, 0.9733236152244106, 0), (0.024339096729025785, -0.02433174924786574, 0.34599854228366156, 1) ),
                61: ( (0.9866586967546075, 0.0133303415351713, -0.16225571827536706, 0), (0.0133303415351713, 0.9866806111685017, 0.16212240295131197, 0), (0.16225571827536706, -0.16212240295131197, 0.9733393079231092, 0), (0.024338357741305102, -0.024318360442696845, 0.34600089618846636, 1) ),
                62: ( (0.9866648744492176, 0.013278638498722977, -0.16222238836772818, 0), (0.013278638498722977, 0.9867776092764704, 0.1615352208969724, 0), (0.16222238836772818, -0.1615352208969724, 0.973442483725688, 0), (0.02433335825515927, -0.0242302831345459, 0.3460163725588532, 1) ),
                63: ( (0.9866816226698535, 0.013147707384766333, -0.16213116071905903, 0), (0.013147707384766333, 0.9870207754901071, 0.1600535114936007, 0), (0.16213116071905903, -0.1600535114936007, 0.9737023981599606, 0), (0.024319674107858874, -0.024008026724040125, 0.3460553597239941, 1) ),
                64: ( (0.9867159505884765, 0.012910513540581382, -0.16194119764407575, 0), (0.012910513540581382, 0.9874525188278098, 0.1573875525597003, 0), (0.16194119764407575, -0.1573875525597003, 0.9741684694162863, 0), (0.024291179646611424, -0.023608132883955104, 0.3461252704124429, 1) ),
                65: ( (0.9867782408602735, 0.012547626506673425, -0.16158979062351983, 0), (0.012547626506673425, 0.9880921343909589, 0.1533508755233183, 0), (0.16158979062351983, -0.1533508755233183, 0.9748703752512324, 0), (0.024238468593528077, -0.023002631328497846, 0.34623055628768484, 1) ),
                66: ( (0.9868831350730363, 0.012047060113055636, -0.16098616726615878, 0), (0.012047060113055636, 0.9889354919658252, 0.14785621756606573, 0), (0.16098616726615878, -0.14785621756606573, 0.9758186270388615, 0), (0.0241479250899239, -0.02217843263490994, 0.3463727940558292, 1) ),
                67: ( (0.9870492199209066, 0.011404788389339345, -0.16001177536457836, 0), (0.011404788389339345, 0.989956651459507, 0.1409104645967595, 0), (0.16001177536457836, -0.1409104645967595, 0.9770058713804135, 0), (0.024001766304686836, -0.021136569689514, 0.346550880707062, 1) ),
                68: ( (0.9872973835879462, 0.010625718903345575, -0.1585275069449554, 0), (0.010625718903345575, 0.9911116026375656, 0.1326080133890236, 0), (0.1585275069449554, -0.1326080133890236, 0.9784089862255118, 0), (0.023779126041743304, -0.019891202008353537, 0.34676134793382674, 1) ),
                69: ( (0.9876479902221202, 0.009724612130700526, -0.1563869538328376, 0), (0.009724612130700526, 0.9923439114125442, 0.12312186402650063, 0), (0.1563869538328376, -0.12312186402650063, 0.9799919016346644, 0), (0.023458043074925685, -0.01846827960397513, 0.34699878524519967, 1) ),
                70: ( (0.9881172999148958, 0.008726290902424152, -0.15345375021804458, 0), (0.008726290902424152, 0.993591679301139, 0.11269173292938957, 0), (0.15345375021804458, -0.11269173292938957, 0.9817089792160348, 0), (0.023018062532706673, -0.016903759939408423, 0.34725634688240525, 1) ),
                71: ( (0.9887138071674195, 0.007664566380227293, -0.14962039279025408, 0), (0.007664566380227293, 0.9947949163488217, 0.10160870449299078, 0), (0.14962039279025408, -0.10160870449299078, 0.9835087235162412, 0), (0.022443058918538115, -0.015241305673948621, 0.34752630852743616, 1) ),
                72: ( (0.9894353099416278, 0.006579617581689309, -0.14482567477209915, 0), (0.006579617581689309, 0.9959022586292565, 0.09019645164652705, 0), (0.14482567477209915, -0.09019645164652705, 0.9853375685708842, 0), (0.021723851215814848, -0.013529467746979043, 0.34780063528563265, 1) ),
                73: ( (0.9902674752996019, 0.005514015517647493, -0.139068051674795, 0), (0.005514015517647493, 0.9968760041135458, 0.07878977126176295, 0), (0.139068051674795, -0.07878977126176295, 0.9871434794131477, 0), (0.02086020775121936, -0.011818465689264505, 0.34807152191197216, 1) ),
                74: ( (0.9911843991097675, 0.004508031741027325, -0.13241285666894673, 0), (0.004508031741027325, 0.997694728875416, 0.06771193117931298, 0), (0.13241285666894673, -0.06771193117931298, 0.9888791279851835, 0), (0.01986192850034211, -0.010156789676896998, 0.3483318691977775, 1) ),
                75: ( (0.992151208310756, 0.003595153036777198, -0.1249922186463985, 0), (0.003595153036777198, 0.9983532337371673, 0.057252908757398795, 0), (0.1249922186463985, -0.057252908757398795, 0.9905044420479233, 0), (0.018748832796959835, -0.008587936313609847, 0.3485756663071885, 1) ),
                76: ( (0.9931282478915262, 0.002798729332329198, -0.11699765106202614, 0), (0.002798729332329198, 0.9988601326485598, 0.04765083965079673, 0), (0.11699765106202614, -0.04765083965079673, 0.991988380540086, 0), (0.017549647659304085, -0.007147625947619576, 0.34879825708101286, 1) ),
                77: ( (0.9940759939552094, 0.002130401608798773, -0.10866636844464685, 0), (0.002130401608798773, 0.9992338611776462, 0.03907879303404365, 0), (0.10866636844464685, -0.03907879303404365, 0.9933098551328556, 0), (0.016299955266697027, -0.005861818955106547, 0.34899647826992836, 1) ),
                78: ( (0.9949596742943605, 0.0015904895256628553, -0.1002632378847246, 0), (0.0015904895256628553, 0.9994981163760086, 0.03163835810972937, 0), (0.1002632378847246, -0.03163835810972937, 0.9944577906703691, 0), (0.015039485682708761, -0.004745753716459428, 0.3491686686005554, 1) ),
                79: ( (0.9957527075972765, 0.0011700301520014738, -0.0920607209516426, 0), (0.0011700301520014738, 0.9996776839391338, 0.025360584842085677, 0), (0.0920607209516426, -0.025360584842085677, 0.9954303915364103, 0), (0.013809108142746412, -0.0038040877263128578, 0.3493145587304616, 1) ),
                80: ( (0.9964384347048386, 0.0008538111735607908, -0.08431913691120813, 0), (0.0008538111735607908, 0.9997953165364993, 0.020213758635170144, 0), (0.08431913691120813, -0.020213758635170144, 0.996233751241338, 0), (0.012647870536681491, -0.003032063795275587, 0.34943506268620067, 1) ),
                81: ( (0.9970100770114363, 0.00062362716878169, -0.07726912337282141, 0), (0.00062362716878169, 0.9998699261328368, 0.016116510300615876, 0), (0.07726912337282141, -0.016116510300615876, 0.996880003144273, 0), (0.01159036850592324, -0.0024174765450923875, 0.34953200047164096, 1) ),
                82: ( (0.9974692692474902, 0.0004611022612704982, -0.07109742816433248, 0), (0.0004611022612704982, 0.9999159865998634, 0.012954039012083505, 0), (0.07109742816433248, -0.012954039012083505, 0.9973852558473536, 0), (0.010664614224649925, -0.001943105851812535, 0.34960778837710305, 1) ),
                83: ( (0.9978237705527141, 0.0003496833345283522, -0.06593633779282922, 0), (0.0003496833345283522, 0.9999438117912616, 0.010594856390138479, 0), (0.06593633779282922, -0.010594856390138479, 0.9977675823439757, 0), (0.009890450668924619, -0.00158922845852081, 0.3496651373515963, 1) ),
                84: ( (0.9980850251696771, 0.0002756992698483922, -0.06185633776710014, 0), (0.0002756992698483922, 0.9999603075266623, 0.008905468044720833, 0), (0.06185633776710014, -0.008905468044720833, 0.9980453326963394, 0), (0.009278450665065325, -0.0013358202067081685, 0.3497067999044509, 1) ),
                85: ( (0.9982661526225082, 0.00022860543454824594, -0.05886116094514731, 0), (0.00022860543454824594, 0.9999698586822673, 0.007760764557803756, 0), (0.05886116094514731, -0.007760764557803756, 0.9982360113047755, 0), (0.008829174141772506, -0.0011641146836706175, 0.3497354016957163, 1) ),
                86: ( (0.9983807587066476, 0.00020064073191775178, -0.05688427188279262, 0), (0.00020064073191775178, 0.9999751385395927, 0.007048549213775351, 0), (0.05688427188279262, -0.007048549213775351, 0.9983558972462403, 0), (0.008532640782418834, -0.0010572823820662954, 0.34975338458693606, 1) ),
                87: ( (0.9984427309027456, 0.0001861250717833433, -0.05578600599545805, 0), (0.0001861250717833433, 0.9999777542992361, 0.0066675530829686264, 0), (0.05578600599545805, -0.0066675530829686264, 0.9984204852019817, 0), (0.008367900899319226, -0.001000132962445356, 0.3497630727802972, 1) ),
                88: ( (0.9984669489088129, 0.00018056979885812548, -0.055350874711006956, 0), (0.00018056979885812548, 0.9999787316597294, 0.006519480251274002, 0), (0.055350874711006956, -0.006519480251274002, 0.9984456805685423, 0), (0.008302631206651128, -0.0009779220376911104, 0.34976685208528135, 1) ),
                89: ( (0.9984706134024823, 0.00017973499491693356, -0.05528473448432376, 0), (0.00017973499491693356, 0.9999788773692341, 0.006497115567543393, 0), (0.05528473448432376, -0.006497115567543393, 0.9984494907717164, 0), (0.008292710172648841, -0.0009745673351315415, 0.3497674236157574, 1) ),
                90: ( (0.9984706134024823, 0.00017973499491693353, -0.055284734484323764, 0), (0.00017973499491693353, 0.9999788773692341, 0.006497115567543391, 0), (0.055284734484323764, -0.006497115567543391, 0.9984494907717164, 0), (0.008292710172648843, -0.0009745673351315414, 0.3497674236157574, 1) ),
                91: ( (0.9984667287863394, 0.0001796458270351229, -0.055354848334030815, 0), (0.0001796458270351229, 0.9999789517843395, 0.006485654606159882, 0), (0.055354848334030815, -0.006485654606159882, 0.9984456805706788, 0), (0.008303227250105025, -0.0009728481909240295, 0.3497668520856018, 1) ),
                92: ( (0.9984410391508737, 0.00017900496127660356, -0.05581629955978169, 0), (0.00017900496127660356, 0.9999794460674368, 0.006409009274929335, 0), (0.05581629955978169, -0.006409009274929335, 0.9984204852183105, 0), (0.008372444933967695, -0.0009613513912394508, 0.34976307278274654, 1) ),
                93: ( (0.9983751698315713, 0.00017695929364011846, -0.05698235647276896, 0), (0.00017695929364011846, 0.999980727467883, 0.006205914776386443, 0), (0.05698235647276896, -0.006205914776386443, 0.9983558972994543, 0), (0.008547353470915313, -0.000930887216457963, 0.3497533845949181, 1) ),
                94: ( (0.998252876841444, 0.0001716564999138929, -0.059086076294054345, 0), (0.0001716564999138929, 0.9999831345868101, 0.0058052627833435596, 0), (0.059086076294054345, -0.0058052627833435596, 0.9982360114282541, 0), (0.00886291144410852, -0.0008707894175015701, 0.3497354017142381, 1) ),
                95: ( (0.9980584073463142, 0.00015932727076004664, -0.06228475046236803, 0), (0.00015932727076004664, 0.9999869255895877, 0.005111092320163768, 0), (0.06228475046236803, -0.005111092320163768, 0.9980453329359019, 0), (0.009342712569355574, -0.0007666638480245955, 0.3497067999403853, 1) ),
                96: ( (0.9977755629118304, 0.00013323416967698644, -0.06666264549682856, 0), (0.00013323416967698644, 0.9999920198489479, 0.003992804412621091, 0), (0.06666264549682856, -0.003992804412621091, 0.9977675827607784, 0), (0.009999396824524496, -0.0005989206618931762, 0.34966513741411676, 1) ),
                97: ( (0.9973878670420326, 0.00008257740489606232, -0.07223182026168763, 0), (0.00008257740489606232, 0.9999973894790545, 0.0022834657975337237, 0), (0.07223182026168763, -0.0022834657975337237, 0.9973852565210871, 0), (0.010834773039253393, -0.00034251986963006637, 0.3496077884781631, 1) ),
                98: ( (0.9968800268553328, -0.000008411880618142693, -0.07893169189971277, 0), (-0.000008411880618142693, 0.9999999773204024, -0.00021281079626704025, 0), (0.07893169189971277, 0.00021281079626704025, 0.9968800041757352, 0), (0.011839753784956856, 0.00003192161944005588, 0.34953200062636025, 1) ),
                99: ( (0.9962406289634395, -0.0001607800494336082, -0.08662899833373437, 0), (-0.0001607800494336082, 0.9999931237901115, -0.0037049321546151325, 0), (0.08662899833373437, 0.0037049321546151325, 0.9962337527535511, 0), (0.012994349750060464, 0.0005557398231922831, 0.3494350629130326, 1) ),
                100: ( (0.9954656883462358, -0.00040004630386963007, -0.09512046724185909, 0), (-0.00040004630386963007, 0.9999647053274102, -0.008392142898000566, 0), (0.09512046724185909, 0.008392142898000566, 0.995430393673646, 0), (0.014268070086278846, 0.0012588214347000832, 0.3493145590510469, 1) ),
                101: ( (0.9945623039892291, -0.000753853934987883, -0.1041405549624206, 0), (-0.000753853934987883, 0.9998954896054927, -0.014437505699976198, 0), (0.1041405549624206, 0.014437505699976198, 0.9944577935947218, 0), (0.015621083244363137, 0.002165625854996436, 0.3491686690392083, 1) ),
                102: ( (0.9935513768648447, -0.0012479813991970196, -0.11337594132971279, 0), (-0.0012479813991970196, 0.9997584821534614, -0.021941283112759856, 0), (0.11337594132971279, 0.021941283112759856, 0.9933098590183062, 0), (0.017006391199457127, 0.003291192466914019, 0.3489964788527459, 1) ),
                103: ( (0.992468279643295, -0.0019011649070504672, -0.1224871400346771, 0), (-0.0019011649070504672, 0.9995201059210088, -0.030918334878378348, 0), (0.1224871400346771, 0.030918334878378348, 0.9919883855643038, 0), (0.01837307100520174, 0.0046377502317567956, 0.3487982578346456, 1) ),
                104: ( (0.9913606719559673, -0.002719778728439473, -0.13113588716549418, 0), (-0.002719778728439473, 0.9991437764263644, -0.041283372344461715, 0), (0.13113588716549418, 0.041283372344461715, 0.9905044483823318, 0), (0.019670383074824316, 0.006192505851669318, 0.34857566725734973, 1) ),
                105: ( (0.990283341666794, -0.003693804108543774, -0.1390153194020553, 0), (-0.003693804108543774, 0.9985957941172361, -0.05284690892166108, 0), (0.1390153194020553, 0.05284690892166108, 0.9888791357840301, 0), (0.020852297910308362, 0.007927036338249186, 0.3483318703676045, 1) ),
                106: ( (0.9892908473774097, -0.004795455214505846, -0.1458787952533625, 0), (-0.004795455214505846, 0.9978526414250721, -0.06532311696706002, 0), (0.1458787952533625, 0.06532311696706002, 0.9871434888024817, 0), (0.02188181928800451, 0.00979846754505906, 0.3480715233203723, 1) ),
                107: ( (0.9884295187476454, -0.005981239294400328, -0.15156289534315837, 0), (-0.005981239294400328, 0.9969080608907605, -0.07834885390053291, 0), (0.15156289534315837, 0.07834885390053291, 0.9853375796384058, 0), (0.02273443430147382, 0.011752328085079972, 0.34780063694576085, 1) ),
                108: ( (0.9877307075578765, -0.007197263369404886, -0.15600079726465496, 0), (-0.007197263369404886, 0.9957780287451025, -0.09151129366646177, 0), (0.15600079726465496, 0.09151129366646177, 0.983508736302979, 0), (0.023400119589698377, 0.013726694049969342, 0.3475263104454468, 1) ),
                109: ( (0.9872069020911814, -0.008386613154613816, -0.1592237331032257, 0), (-0.008386613154613816, 0.9945020916195242, -0.10438033571600772, 0), (0.1592237331032257, 0.10438033571600772, 0.9817089937107056, 0), (0.023883559965483987, 0.01565705035740124, 0.34725634905660585, 1) ),
                110: ( (0.9868515093352221, -0.009497014038163479, -0.16135025642109466, 0), (-0.009497014038163479, 0.9931404084361802, -0.11654156278159367, 0), (0.16135025642109466, 0.11654156278159367, 0.9799919177714023, 0), (0.024202538463164197, 0.01748123441723905, 0.34699878766571035, 1) ),
                111: ( (0.9866420871562166, -0.010486982824763433, -0.16256511016592007, 0), (-0.010486982824763433, 0.9917669167292056, -0.12762603994748956, 0), (0.16256511016592007, 0.12762603994748956, 0.9784090038854222, 0), (0.0243847665248881, 0.019143905992123508, 0.3467613505828133, 1) ),
                112: ( (0.9865459543236214, -0.011329274284900466, -0.16309116331632686, 0), (-0.011329274284900466, 0.9904599360735146, -0.13733449157959857, 0), (0.16309116331632686, 0.13733449157959857, 0.9770058903971359, 0), (0.024463674497449076, 0.02060017373693982, 0.34655088355957037, 1) ),
                113: ( (0.9865266890083026, -0.012011360342898462, -0.1631588768563599, 0), (-0.012011360342898462, 0.9892919581997432, -0.1454549712592541, 0), (0.1631588768563599, 0.1454549712592541, 0.9758186472080459, 0), (0.024473831528454015, 0.02181824568888814, 0.3463727970812069, 1) ),
                114: ( (0.9865500970125576, -0.012533588509304241, -0.16297795937976603, 0), (-0.012533588509304241, 0.9883202993309891, -0.151874603174407, 0), (0.16297795937976603, 0.151874603174407, 0.9748703963435467, 0), (0.024446693906964936, 0.022781190476161086, 0.346230559451532, 1) ),
                115: ( (0.9865886433279122, -0.012906242295820046, -0.1627153273855642, 0), (-0.012906242295820046, 0.9875798478654223, -0.15658695028612968, 0), (0.1627153273855642, 0.15658695028612968, 0.9741684911933345, 0), (0.024407299107834624, 0.023488042542919443, 0.34612527367900014, 1) ),
                116: ( (0.986623867399303, -0.013146824276544511, -0.16248232300617899, 0), (-0.013146824276544511, 0.9870785529930128, -0.15969687295830695, 0), (0.16248232300617899, 0.15969687295830695, 0.9737024203923158, 0), (0.02437234845092692, 0.023954530943746107, 0.3460553630588473, 1) ),
                117: ( (0.9866467677039833, -0.01327853798418896, -0.1623324866078395, 0), (-0.01327853798418896, 0.9867957385081854, -0.16142444328876468, 0), (0.1623324866078395, 0.16142444328876468, 0.9734425062121687, 0), (0.024349872991175945, 0.02421366649331472, 0.3460163759318253, 1) ),
                118: ( (0.9866564954658562, -0.013330328239154875, -0.1622691045888627, 0), (-0.013330328239154875, 0.9866828350446533, -0.1621088689038386, 0), (0.1622691045888627, 0.1621088689038386, 0.9733393305105095, 0), (0.024340365688329462, 0.024316330335575852, 0.3460008995765764, 1) ),
                119: ( (0.9866580065436583, -0.013338180541585677, -0.16225927111611915, 0), (-0.013338180541585677, 0.9866656312835042, -0.1622129001767874, 0), (0.16225927111611915, 0.1622129001767874, 0.9733236378271625, 0), (0.024338890667417967, 0.024331935026518207, 0.34599854567407434, 1) ),
                120: ( (0.9866580065436583, -0.013338180541585677, -0.16225927111611915, 0), (-0.013338180541585677, 0.9866656312835042, -0.1622129001767874, 0), (0.16225927111611915, 0.1622129001767874, 0.9733236378271625, 0), (0.024338890667417967, 0.024331935026518207, 0.34599854567407434, 1) ),
                121: ( (0.9866594911882625, -0.013335702268254345, -0.16225044681951242, 0), (-0.013335702268254345, 0.9866691025434463, -0.16219198849241226, 0), (0.16225044681951242, 0.16219198849241226, 0.9733285937317088, 0), (0.024337567022926863, 0.024328798273861835, 0.3459992890597563, 1) ),
                122: ( (0.9866695839824772, -0.013318865008954163, -0.1621904432410204, 0), (-0.013318865008954163, 0.9866926759904896, -0.16204990275097358, 0), (0.1621904432410204, 0.16204990275097358, 0.9733622599729668, 0), (0.02432856648615306, 0.024307485412646036, 0.346004338995945, 1) ),
                123: ( (0.9866961023925126, -0.013274711455590614, -0.16203266201354347, 0), (-0.013274711455590614, 0.9867544106675916, -0.16167719401271377, 0), (0.16203266201354347, 0.16167719401271377, 0.9734505130601042, 0), (0.024304899302031578, 0.024251579101907124, 0.3460175769590156, 1) ),
                124: ( (0.9867460842145152, -0.013191825908842108, -0.1617347860434226, 0), (-0.013191825908842108, 0.9868699730988345, -0.16097711615349722, 0), (0.1617347860434226, 0.16097711615349722, 0.9736160573133497, 0), (0.024260217906513455, 0.024146567423024654, 0.3460424085970024, 1) ),
                125: ( (0.9868258944225475, -0.013060371233771796, -0.16125780849427163, 0), (-0.013060371233771796, 0.9870523812215479, -0.15986564179994417, 0), (0.16125780849427163, 0.15986564179994417, 0.9738782756440955, 0), (0.02418867127414082, 0.023979846269991695, 0.3460817413466143, 1) ),
                126: ( (0.9869413334945853, -0.01287214282989337, -0.16056497805840594, 0), (-0.01287214282989337, 0.9873117166316734, -0.15827154558158904, 0), (0.16056497805840594, 0.15827154558158904, 0.9742530501262588, 0), (0.024084746708760936, 0.023740731837238398, 0.34613795751893883, 1) ),
                127: ( (0.9870977306571659, -0.012620633903283999, -0.15962076848378004, 0), (-0.012620633903283999, 0.9876548538952037, -0.15613650814951355, 0), (0.15962076848378004, 0.15613650814951355, 0.9747525845523696, 0), (0.02394311527256707, 0.023420476222427104, 0.3462128876828554, 1) ),
                128: ( (0.9873000066439314, -0.012301108649565013, -0.15838996056216634, 0), (-0.012301108649565013, 0.9880852477819528, -0.15341520733508968, 0), (0.15838996056216634, 0.15341520733508968, 0.9753852544258842, 0), (0.023758494084325024, 0.023012281100263522, 0.34630778816388263, 1) ),
                129: ( (0.9875526925934859, -0.011910680597946735, -0.1568369058578038, 0), (-0.011910680597946735, 0.9886028112206772, -0.1500753721776758, 0), (0.1568369058578038, 0.1500753721776758, 0.976155503814163, 0), (0.023525535878670668, 0.02251130582665146, 0.3464233255721244, 1) ),
                130: ( (0.987859894657225, -0.011448392386521839, -0.15492502328410532, 0), (-0.011448392386521839, 0.9892039084888359, -0.1460977814416598, 0), (0.15492502328410532, 0.1460977814416598, 0.9770638031460609, 0), (0.023238753492615807, 0.021914667216248983, 0.3465595704719091, 1) ),
                131: ( (0.9882251976893778, -0.010915290960005635, -0.15261656225668535, 0), (-0.010915290960005635, 0.9898814796547285, -0.14147619114120813, 0), (0.15261656225668535, 0.14147619114120813, 0.9781066773441063, 0), (0.022892484338502814, 0.021221428671181226, 0.346716001601616, 1) ),
                132: ( (0.9886515059410739, -0.010314489124276228, -0.14987264965480498, 0), (-0.010314489124276228, 0.9906253036444838, -0.13621717620542423, 0), (0.14987264965480498, 0.13621717620542423, 0.9792768095855576, 0), (0.022480897448220846, 0.020432576430813726, 0.34689152143783364, 1) ),
                133: ( (0.989140823834194, -0.009651201202740944, -0.1466536223212925, 0), (-0.009651201202740944, 0.9914223986024749, -0.13033987058709012, 0), (0.1466536223212925, 0.13033987058709012, 0.9805632224366689, 0), (0.02199804334819388, 0.01955098058806352, 0.34708448336550035, 1) ),
                134: ( (0.9896939854597101, -0.008932737907947342, -0.14291963244545192, 0), (-0.008932737907947342, 0.9922575495871719, -0.12387558872000938, 0), (0.14291963244545192, 0.12387558872000938, 0.981951535046882, 0), (0.02143794486681777, 0.01858133830800139, 0.34729273025703233, 1) ),
                135: ( (0.9903103471721706, -0.008168444122579657, -0.13863150004364563, 0), (-0.008168444122579657, 0.9931139453013145, -0.11686731009428597, 0), (0.13863150004364563, 0.11686731009428597, 0.9834242924734851, 0), (0.020794725006546926, 0.017530096514142963, 0.34751364387102274, 1) ),
                136: ( (0.9909874631922357, -0.007369563618957382, -0.13375177504572905, 0), (-0.007369563618957382, 0.9939738977945619, -0.10936900856802158, 0), (0.13375177504572905, 0.10936900856802158, 0.9849613609867977, 0), (0.020062766256859415, 0.016405351285203283, 0.34774420414801965, 1) ),
                137: ( (0.9917207690442768, -0.006549017195214449, -0.1282459614179143, 0), (-0.006549017195214449, 0.9948196122982212, -0.10144480943150055, 0), (0.1282459614179143, 0.10144480943150055, 0.986540381342498, 0), (0.019236894212687157, 0.015216721414725088, 0.34798105720137473, 1) ),
                138: ( (0.9925033014300725, -0.005721085390679827, -0.12208384754896665, 0), (-0.005721085390679827, 0.9956339690408859, -0.09316796055428501, 0), (0.12208384754896665, 0.09316796055428501, 0.9881372704709583, 0), (0.018312577132345118, 0.013975194083142845, 0.3482205905706437, 1) ),
                139: ( (0.9933254852214257, -0.0049009937077997634, -0.11524088107219269, 0), (-0.0049009937077997634, 0.9964012755802117, -0.08461960932788004, 0), (0.11524088107219269, 0.08461960932788004, 0.9897267608016375, 0), (0.01728613216082888, 0.012692941399181989, 0.3484590141202456, 1) ),
                140: ( (0.9941750181238258, -0.0041044066707274715, -0.10769952267476357, 0), (-0.0041044066707274715, 0.9971079473761768, -0.07588738449273852, 0), (0.10769952267476357, 0.07588738449273852, 0.9912829655000026, 0), (0.016154928401214675, 0.011383107673910877, 0.3486924448250004, 1) ),
                141: ( (0.9950368808133769, -0.0033468463810379465, -0.09945051251998231, 0), (-0.0033468463810379465, 0.9977430764249109, -0.06706379101613809, 0), (0.09945051251998231, 0.06706379101613809, 0.9927799572382878, 0), (0.014917576877997336, 0.010059568652420707, 0.3489169935857432, 1) ),
                142: ( (0.9958934947734325, -0.002643060565208437, -0.09049398487638712, 0), (-0.002643060565208437, 0.9982988529745038, -0.05824443647799091, 0), (0.09049398487638712, 0.05824443647799091, 0.9941923477479363, 0), (0.013574097731458226, 0.008736665471698738, 0.3491288521621905, 1) ),
                143: ( (0.9967250417243756, -0.0020063733984227406, -0.08084037150661684, 0), (-0.0020063733984227406, 0.9987708135875011, -0.04952611827659497, 0), (0.08084037150661684, 0.04952611827659497, 0.9954958553118767, 0), (0.012126055725992563, 0.0074289177414892694, 0.34932437829678153, 1) ),
                144: ( (0.9975099478420766, -0.0014480585789740704, -0.07051104227317494, 0), (-0.0014480585789740704, 0.9991578997084587, -0.041004811626606755, 0), (0.07051104227317494, 0.041004811626606755, 0.9966678475505353, 0), (0.010576656340976228, 0.0061507217439910064, 0.3495001771325803, 1) ),
                145: ( (0.9982255236211128, -0.0009767772862253029, -0.059538642052772185, 0), (-0.0009767772862253029, 0.9994623237151886, -0.032773607979115216, 0), (0.059538642052772185, 0.032773607979115216, 0.9976878473363014, 0), (0.008930796307915973, 0.004916041196867362, 0.3496531771004452, 1) ),
                146: ( (0.9988487372713764, -0.0005981231089055896, -0.04796709601511831, 0), (-0.0005981231089055896, 0.9996892531613226, -0.02492066135766854, 0), (0.04796709601511831, 0.02492066135766854, 0.998537990432699, 0), (0.007195064402267904, 0.003738099203650363, 0.34978069856490485, 1) ),
                147: ( (0.9993570871541557, -0.00031431147454577784, -0.03585127003410346, 0), (-0.00031431147454577784, 0.9998463373322376, -0.017527205470532804, 0), (0.03585127003410346, 0.017527205470532804, 0.9992034244863933, 0), (0.005377690505115909, 0.0026290808205801115, 0.349880513672959, 1) ),
                148: ( (0.9997295282467554, -0.00012404268135896476, -0.023256288717959317, 0), (-0.00012404268135896476, 0.9999431120380811, -0.01066570677502567, 0), (0.023256288717959317, 0.01066570677502567, 0.9996726402848365, 0), (0.0034884433076943383, 0.0015998560162540526, 0.34995089604272545, 1) ),
                149: ( (0.999947400164461, -0.00002255592631713943, -0.010256529411322414, 0), (-0.00002255592631713943, 0.9999903275398714, -0.004398217585684271, 0), (0.010256529411322414, 0.004398217585684271, 0.9999377277043324, 0), (0.0015384794116979283, 0.0006597326378524548, 0.34999065915564986, 1) ),
                150: ( (0.9999953008074857, -0.0000018777479549426402, 0.003065674382635644, 0), (-0.0000018777479549426402, 0.9999992496716464, 0.0012250112726681435, 0), (-0.003065674382635644, -0.0012250112726681435, 0.9999945504791321, 0), (-0.0004598511574005446, -0.00018375169090229857, 0.3499991825718698, 1) ),
                151: ( (0.9998618507944749, -0.00005125338033767533, 0.016621573299125038, 0), (-0.00005125338033767533, 0.9999809849865872, 0.006166606712449867, 0), (-0.016621573299125038, -0.006166606712449867, 0.999842835781062, 0), (-0.0024932359948692897, -0.0009249910068676781, 0.3499764253671593, 1) ),
                152: ( (0.999540299570917, -0.00015773512414501067, 0.03031772836662067, 0), (-0.00015773512414501067, 0.9999458769933309, 0.010402797876962074, 0), (-0.03031772836662067, -0.010402797876962074, 0.9994861765642479, 0), (-0.004547659254993303, -0.0015604196815443808, 0.3499229264846372, 1) ),
                153: ( (0.9990289340097951, -0.0003068894380180246, 0.04405785775687707, 0), (-0.0003068894380180246, 0.9999030126395971, 0.01392376145768806, 0), (-0.04405785775687707, -0.01392376145768806, 0.9989319466493922, 0), (-0.006608678663531702, -0.002088564218653254, 0.34983979199740883, 1) ),
                154: ( (0.9983312635535548, -0.00048357529063584463, 0.05774473453485493, 0), (-0.00048357529063584463, 0.9998598669896546, 0.016733575181909478, 0), (-0.05774473453485493, -0.016733575181909478, 0.9981911305432094, 0), (-0.00866171018022824, -0.002510036277286422, 0.3497286695814814, 1) ),
                155: ( (0.9974559712168554, -0.0006727412852107131, 0.07128206578798787, 0), (-0.0006727412852107131, 0.9998221007404375, 0.01884978223061193, 0), (-0.07128206578798787, -0.01884978223061193, 0.9972780719572929, 0), (-0.010692309868198312, -0.002827467334591824, 0.3495917107935939, 1) ),
                156: ( (0.9964166356047, -0.0008601886026649056, 0.08457628725463426, 0), (-0.0008601886026649056, 0.9997935112507327, 0.02030258447831065, 0), (-0.08457628725463426, -0.02030258447831065, 0.9962101468554326, 0), (-0.012686443088195415, -0.003045387671746664, 0.34943152202831484, 1) ),
                157: ( (0.9952312439980244, -0.001033250831819605, 0.09753821488454367, 0), (-0.001033250831819605, 0.999776124573995, 0.021133696423533063, 0), (-0.09753821488454367, -0.021133696423533063, 0.9950073685720194, 0), (-0.01463073223268162, -0.003170054463529974, 0.34925110528580294, 1) ),
                158: ( (0.9939215291691703, -0.0011813497113695442, 0.11008450511710345, 0), (-0.0011813497113695442, 0.9997704048963311, 0.021394903745651138, 0), (-0.11008450511710345, -0.021394903745651138, 0.9936919340655014, 0), (-0.016512675767565464, -0.0032092355618476595, 0.3490537901098252, 1) ),
                159: ( (0.9925121718707905, -0.0012963967591273322, 0.12213888833524415, 0), (-0.0012963967591273322, 0.9997755497952043, 0.021146380000837833, 0), (-0.12213888833524415, -0.021146380000837833, 0.9922877216659949, 0), (-0.01832083325028684, -0.003171957000125713, 0.3488431582498992, 1) ),
                160: ( (0.9910299162656457, -0.0013730235178036343, 0.1336331540933112, 0), (-0.0013730235178036343, 0.9997898354534617, 0.0204548216897557, 0), (-0.1336331540933112, -0.0204548216897557, 0.9908197517191074, 0), (-0.020044973113996854, -0.0030682232534633806, 0.3486229627578661, 1) ),
                161: ( (0.9895026467641673, -0.001408636419837052, 0.14450788141186002, 0), (-0.001408636419837052, 0.9998109755365269, 0.019391465652064736, 0), (-0.14450788141186002, -0.019391465652064736, 0.9893136223006942, 0), (-0.021676182211779048, -0.0029087198478097167, 0.34839704334510413, 1) ),
                162: ( (0.9879584720890273, -0.0014033048470543693, 0.15471292177132723, 0), (-0.0014033048470543693, 0.9998364605797266, 0.018030053547092584, 0), (-0.15471292177132723, -0.018030053547092584, 0.987794932668754, 0), (-0.02320693826569921, -0.002704508032063902, 0.3481692399003131, 1) ),
                163: ( (0.9864248565426513, -0.0013595018109769446, 0.16420765557560224, 0), (-0.0013595018109769446, 0.9998638507814038, 0.01644480633539551, 0), (-0.16420765557560224, -0.01644480633539551, 0.9862887073240552, 0), (-0.02463114833634047, -0.0024667209503093403, 0.34794330609860824, 1) ),
                164: ( (0.9849278303288087, -0.001281725070448264, 0.17296105406891205, 0), (-0.001281725070448264, 0.9998910031407519, 0.014708467596076417, 0), (-0.17296105406891205, -0.014708467596076417, 0.9848188334695606, 0), (-0.025944158110336794, -0.0022062701394114613, 0.34772282502043406, 1) ),
                165: ( (0.9834913014180798, -0.0011760320282163947, 0.18095158740293002, 0), (-0.0011760320282163947, 0.9999162228733823, 0.0128904686996649, 0), (-0.18095158740293002, -0.0128904686996649, 0.9834075242914622, 0), (-0.027142738110439626, -0.0019335703049497437, 0.3475111286437193, 1) ),
                166: ( (0.9821364818912671, -0.0010495243228784872, 0.18816702537091973, 0), (-0.0010495243228784872, 0.9999383379411823, 0.01105526182963533, 0), (-0.18816702537091973, -0.01105526182963533, 0.9820748198324494, 0), (-0.02822505380563802, -0.0016582892744453034, 0.3473112229748674, 1) ),
                167: ( (0.9808814328658273, -0.0009098178478683719, 0.19460418004391686, 0), (-0.0009098178478683719, 0.9999567034228826, 0.00926085909216895, 0), (-0.19460418004391686, -0.00926085909216895, 0.9808381362887099, 0), (-0.02919062700658766, -0.0013891288638253486, 0.3471257204433065, 1) ),
                168: ( (0.9797407247177751, -0.0007645313758084238, 0.20026863913569784, 0), (-0.0007645313758084238, 0.9999711486113667, 0.007557607864879182, 0), (-0.20026863913569784, -0.007557607864879182, 0.9797118733291418, 0), (-0.030040295870354658, -0.0011336411797318766, 0.3469567809993713, 1) ),
                169: ( (0.9787252037968971, -0.0006208225492685754, 0.20517453553519888, 0), (-0.0006208225492685754, 0.9999818836977802, 0.005987224365391582, 0), (-0.20517453553519888, -0.005987224365391582, 0.9787070874946773, 0), (-0.030776180330279884, -0.0008980836548087387, 0.3468060631242016, 1) ),
                170: ( (0.977841853348649, -0.0004849942538420716, 0.20934439237833155, 0), (-0.0004849942538420716, 0.9999893845171277, 0.004582099260154533, 0), (-0.20934439237833155, -0.004582099260154533, 0.9778312378657767, 0), (-0.03140165885674983, -0.0006873148890231822, 0.3466746856798665, 1) ),
                171: ( (0.9770937347751344, -0.0003621878175180416, 0.21280907471995708, 0), (-0.0003621878175180416, 0.9999942731818622, 0.003364880898924767, 0), (-0.21280907471995708, -0.003364880898924767, 0.9770880079569966, 0), (-0.03192136120799353, -0.0005047321348387146, 0.3465632011935495, 1) ),
                172: ( (0.9764799953211828, -0.00025617250518967475, 0.2156078688573086, 0), (-0.00025617250518967475, 0.999997209849517, 0.002348333202226269, 0), (-0.2156078688573086, -0.002348333202226269, 0.9764772051706998, 0), (-0.0323411803285963, -0.0003522499803339405, 0.34647158077560497, 1) ),
                173: ( (0.9759959292054761, -0.000169233728385479, 0.21778869928048283, 0), (-0.000169233728385479, 0.9999988068667574, 0.001535455960572663, 0), (-0.21778869928048283, -0.001535455960572663, 0.9759947360722334, 0), (-0.03266830489207255, -0.00023031839408590033, 0.346399210410835, 1) ),
                174: ( (0.9756330804610387, -0.00010215550950411831, 0.21940848177396508, 0), (-0.00010215550950411831, 0.9999995717247678, 0.0009198448416635539, 0), (-0.21940848177396508, -0.0009198448416635539, 0.9756326521858065, 0), (-0.03291127226609476, -0.0001379767262495331, 0.346344897827871, 1) ),
                175: ( (0.9753793765971343, -0.000054286200511293104, 0.22053360007489606, 0), (-0.000054286200511293104, 0.999999880303942, 0.0004862562185062156, 0), (-0.22053360007489606, -0.0004862562185062156, 0.9753792569010763, 0), (-0.03308004001123444, -0.0000729384327759324, 0.34630688853516145, 1) ),
                176: ( (0.9752192819828371, -0.00002367038591820525, 0.22124048338537056, 0), (-0.00002367038591820525, 0.9999999773901963, 0.0002113275175818155, 0), (-0.22124048338537056, -0.0002113275175818155, 0.9752192593730334, 0), (-0.033186072507805586, -0.00003169912763727232, 0.34628288890595504, 1) ),
                177: ( (0.9751339580433722, -0.000007224391588863958, 0.22161625350699113, 0), (-0.000007224391588863958, 0.99999999790108, 0.0000643867086118508, 0), (-0.22161625350699113, -0.0000643867086118508, 0.9751339559444522, 0), (-0.033242438026048655, -0.000009658006291777615, 0.3462700933916678, 1) ),
                178: ( (0.975101413615694, -9.279186963492788e-7, 0.22175940377763936, 0), (-9.279186963492788e-7, 0.9999999999654184, 0.000008264513241050675, 0), (-0.22175940377763936, -0.000008264513241050675, 0.9751014135811125, 0), (-0.033263910566645946, -0.0000012396769861576027, 0.34626521203716687, 1) ),
                179: ( (0.9750966230568805, 2.6107725235214222e-11, 0.22178046736146065, 0), (2.6107725235214222e-11, 1, -2.3250595763118652e-10, 0), (-0.22178046736146065, 2.3250595763118652e-10, 0.9750966230568805, 0), (-0.033267070104219164, 3.487589364467805e-11, 0.34626449345853205, 1) ),
            }
            uniform token[] xformOpOrder = ["xformOp:transform"]
        }

        def Cylinder "link_3"
        {
            uniform token axis = "Z"
            double height = 0.25
            color3f[] primvars:displayColor = [(0.15, 0.45, 0.85)]
            double radius = 0.028
            matrix4d xformOp:transform.timeSamples = {
                0: ( (0.6408251748378084, 3.7654482617076043e-10, -0.7676868471545493, 0), (3.7654482617076043e-10, 1, 8.048128381070556e-10, 0), (0.7676868471545493, -8.048128381070556e-10, 0.6408251748378084, 0), (0.029426715685880324, -3.084981676461489e-11, 0.5726321337717901, 1) ),
                1: ( (0.6407746441377724, 0.000013388200190375685, -0.7677290246244878, 0), (0.000013388200190375685, 0.9999999995010266, 0.000028612985430729404, 0), (0.7677290246244878, -0.000028612985430729404, 0.6407746436387989, 0), (0.029438306946141093, -0.0000010971551429454827, 0.5726272545294947, 1) ),
                2: ( (0.6404312114024003, 0.0001044660764276079, -0.7680155288459296, 0), (0.0001044660764276079, 0.9999999696493092, 0.00022313273976567877, 0), (0.7680155288459296, -0.00022313273976567877, 0.6404311810517096, 0), (0.029517065064289714, -0.00000857563857795123, 0.5725940844172227, 1) ),
                3: ( (0.6395295261338223, 0.0003443163531683065, -0.7687664578071144, 0), (0.0003443163531683065, 0.9999996711138369, 0.0007343149644165588, 0), (0.7687664578071144, -0.0007343149644165588, 0.6395291972476591, 0), (0.029723662244848972, -0.000028391626302109587, 0.572506927475821, 1) ),
                4: ( (0.6378326424096447, 0.0007985381419657005, -0.7701745793088514, 0), (0.0007985381419657005, 0.9999982393135362, 0.0016981480099212654, 0), (0.7701745793088514, -0.0016981480099212654, 0.6378308817231808, 0), (0.03011174246908674, -0.00006639299312505056, 0.5723426373040215, 1) ),
                5: ( (0.635130010373331, 0.0015296605723199162, -0.7724037351422544, 0), (0.0015296605723199162, 0.9999935871364238, 0.003238182292735711, 0), (0.7724037351422544, -0.003238182292735711, 0.6351235975097549, 0), (0.030727922503246435, -0.00012882202663642257, 0.5720802453790812, 1) ),
                6: ( (0.6312354592297408, 0.0025998413857196696, -0.7755868976689766, 0), (0.0025998413857196696, 0.9999816707560418, 0.005467995677051697, 0), (0.7755868976689766, -0.005467995677051697, 0.6312171299857826, 0), (0.03161175265110405, -0.00022286726008365174, 0.5717005621276825, 1) ),
                7: ( (0.6259853865746082, 0.004073608726414516, -0.7798241478096087, 0), (0.004073608726414516, 0.999955631979446, 0.008493514262697843, 0), (0.7798241478096087, -0.008493514262697843, 0.6259410185540544, 0), (0.03279565814204291, -0.00035719641532825573, 0.5711857889588515, 1) ),
                8: ( (0.6192373552027026, 0.00602045744952371, -0.7851807766455189, 0), (0.00602045744952371, 0.9999048070802197, 0.012414945427471933, 0), (0.7851807766455189, -0.012414945427471933, 0.6191421622829223, 0), (0.034304875084491135, -0.0005424141353660196, 0.5705191727991119, 1) ),
                9: ( (0.6108692722913878, 0.008517149559859584, -0.7916856638423898, 0), (0.008517149559859584, 0.9998135797780551, 0.01732812323264164, 0), (0.7916856638423898, -0.01732812323264164, 0.6106828520694428, 0), (0.036157390766378826, -0.0007913996066693005, 0.5696847280408812, 1) ),
                10: ( (0.6007792866196493, 0.011649592002801721, -0.7993300543423559, 0), (0.011649592002801721, 0.9996600552293927, 0.023325114896516026, 0), (0.7993300543423559, -0.023325114896516026, 0.600439341849042, 0), (0.038363896672771736, -0.00111949036935274, 0.5686670442049034, 1) ),
                11: ( (0.5888864883010755, 0.015514176370882897, -0.8080668377231925, 0), (0.015514176370882897, 0.9994145420629154, 0.030493990304751188, 0), (0.8080668377231925, -0.030493990304751188, 0.5883010303639908, 0), (0.040927763492263874, -0.0015444895952477762, 0.5674511910787507, 1) ),
                12: ( (0.5751324341745131, 0.020218468184337396, -0.81781042834191, 0), (0.020218468184337396, 0.9990378497004665, 0.03891771332114793, 0), (0.81781042834191, -0.03891771332114793, 0.5741702838749796, 0), (0.04384504993399413, -0.002086484868311326, 0.566022726719663, 1) ),
                13: ( (0.5594834527682171, 0.02588113340988113, -0.8284373440471972, 0), (0.02588113340988113, 0.9984794372179903, 0.048672172606791374, 0), (0.8284373440471972, -0.048672172606791374, 0.5579628899862075, 0), (0.04710456057097821, -0.0027674770085534604, 0.564367807614331, 1) ),
                14: ( (0.5419336084097582, 0.03263099254800937, -0.8397875817141564, 0), (0.03263099254800937, 0.9976754861430203, 0.05982342914460878, 0), (0.8397875817141564, -0.05982342914460878, 0.5396090945527785, 0), (0.05068797130669582, -0.003610827697357178, 0.5624733945920972, 1) ),
                15: ( (0.5225081281207246, 0.040605103658692944, -0.851666884177519, 0), (0.040605103658692944, 0.9965470104514155, 0.07242431578698702, 0), (0.851666884177519, -0.07242431578698702, 0.51905513857214, 0), (0.05457004360503315, -0.0046405444945500415, 0.5603275429166253, 1) ),
                16: ( (0.50126702193912, 0.04994580010894541, -0.8638499810544439, 0), (0.04994580010894541, 0.9949981592189434, 0.08651057855772025, 0), (0.8638499810544439, -0.08651057855772025, 0.4962651811580633, 0), (0.0587189496063239, -0.005880431109744443, 0.5579197604619281, 1) ),
                17: ( (0.47830856290377677, 0.06079665019672648, -0.8760848623151645, 0), (0.06079665019672648, 0.9929149063750852, 0.10209679732005694, 0), (0.8760848623151645, -0.10209679732005694, 0.47122346927886194, 0), (0.06309672911813394, -0.007353139223646586, 0.5552414141405966, 1) ),
                18: ( (0.4537722437595091, 0.07329736562181288, -0.88809810662244, 0), (0.07329736562181288, 0.9901643522400346, 0.11917236150204877, 0), (0.88809810662244, -0.11917236150204877, 0.4439365959995437, 0), (0.06765989588115802, -0.009079165365869061, 0.5522861619221469, 1) ),
                19: ( (0.42784080068577246, 0.08757776285516082, -0.8996012365052876, 0), (0.08757776285516082, 0.9865948768176626, 0.1376978013274957, 0), (0.8996012365052876, -0.1376978013274957, 0.414435677503435, 0), (0.07236020438864837, -0.011075841877043177, 0.5490503859764774, 1) ),
                20: ( (0.4007408969534184, 0.10375097159615478, -0.9102980113137806, 0), (0.10375097159615478, 0.9820373790695518, 0.15760178299454367, 0), (0.9102980113137806, -0.15760178299454367, 0.3827782760229702, 0), (0.07714558008251361, -0.013356374308239072, 0.545533601802457, 1) ),
                21: ( (0.3727420970031271, 0.12190618043915875, -0.9198925004001536, 0), (0.12190618043915875, 0.9763078045597158, 0.17877906456440312, 0), (0.9198925004001536, -0.17877906456440312, 0.3490499015628429, 0), (0.08196120544058938, -0.015928978258726318, 0.5417388187252014, 1) ),
                22: ( (0.3441538371431079, 0.14210130168435436, -0.9280977084549273, 0), (0.14210130168435436, 0.9692111030238748, 0.20108967610212142, 0), (0.9280977084549273, -0.20108967610212142, 0.3133649401669827, 0), (0.08675074304102982, -0.01879616624501799, 0.5376728288939445, 1) ),
                23: ( (0.31532021238703634, 0.16435601325168037, -0.9346444589084171, 0), (0.16435601325168037, 0.9605466678282368, 0.22435953251886662, 0), (0.9346444589084171, -0.22435953251886662, 0.27586688021527317, 0), (0.09145766507382735, -0.021954229531511736, 0.5333464048547716, 1) ),
                24: ( (0.28661254496093036, 0.1886456838114764, -0.9392901868167896, 0), (0.1886456838114764, 0.9501151950888307, 0.24838261219460112, 0), (0.9392901868167896, -0.24838261219460112, 0.23672774004976105, 0), (0.09602664801640713, -0.025392950985081424, 0.528774389810812, 1) ),
                25: ( (0.25841986904393655, 0.214896696729943, -0.9418272564636647, 0), (0.214896696729943, 0.9377267697208879, 0.2729247425269243, 0), (0.9418272564636647, -0.2729247425269243, 0.1961466387648244, 0), (0.10040498236513062, -0.02909557328306185, 0.5239756696467877, 1) ),
                26: ( (0.23113764441968954, 0.24298365151857265, -0.9420904067162654, 0), (0.24298365151857265, 0.9232098509222277, 0.297728930832828, 0), (0.9420904067162654, -0.297728930832828, 0.15434749534191727, 0), (0.10454394138223014, -0.03303903284746591, 0.5189730214448727, 1) ),
                27: ( (0.20515518184074522, 0.2727288351509299, -0.9399629428020594, 0), (0.2727288351509299, 0.9064207052452846, 0.32252207301184493, 0), (0.9399629428020594, -0.32252207301184493, 0.11157588708602983, 0), (0.10840005052901405, -0.03719445461007779, 0.513792839253774, 1) ),
                28: ( (0.18084240675863494, 0.30390422267155615, -0.9353813379366416, 0), (0.30390422267155615, 0.88725273705619, 0.3470227716284576, 0), (0.9353813379366416, -0.3470227716284576, 0.06809514381482495, 0), (0.11193620105021984, -0.041527887246173276, 0.5084647439482157, 1) ),
                29: ( (0.1585366884690671, 0.3362360959624893, -0.9283379805766679, 0), (0.3362360959624893, 0.8656451081361967, 0.3709499083862619, 0), (0.9283379805766679, -0.3709499083862619, 0.02418179660526376, 0), (0.11512255711145616, -0.046001244058935756, 0.5030210897666318, 1) ),
                30: ( (0.13853050505742404, 0.3694121759610898, -0.9188818985159236, 0), (0.3694121759610898, 0.8415900312785844, 0.39403155140699614, 0), (0.9188818985159236, -0.39403155140699614, -0.019879463663991626, 0), (0.1179372156283979, -0.05057340243369017, 0.4974963851831511, 1) ),
                31: ( (0.1210606929214536, 0.40309096575187264, -0.9071174025221874, 0), (0.40309096575187264, 0.8151381723832074, 0.41601374166364635, 0), (0.9071174025221874, -0.41601374166364635, -0.0638011346953391, 0), (0.12036659073899772, -0.05520140573358968, 0.491926649834471, 1) ),
                32: ( (0.10629994239676921, 0.43691282032645296, -0.8932007107480537, 0), (0.43691282032645296, 0.7864017005016636, 0.43666869922456825, 0), (0.8932007107480537, -0.43666869922456825, -0.1072983571015671, 0), (0.12240550972499671, -0.059841706423150676, 0.4863487320252656, 1) ),
                33: ( (0.09435105505951347, 0.47051211308150825, -0.8773347307913502, 0), (0.47051211308150825, 0.7555546773468899, 0.4558020195027785, 0), (0.8773347307913502, -0.4558020195027785, -0.1500942675935968, 0), (0.1240570228533898, -0.06445138846728865, 0.48079961270580845, 1) ),
                34: ( (0.08524428754228686, 0.5035297753859135, -0.8597622792035132, 0), (0.5035297753859135, 0.7228306626050077, 0.4732584901486894, 0), (0.8597622792035132, -0.4732584901486894, -0.19192504985270542, 0), (0.1253319447847733, -0.06898931063966868, 0.47531572168218383, 1) ),
                35: ( (0.0789378903275042, 0.5356254540589765, -0.8407580998329773, 0), (0.5356254540589765, 0.6885176102424878, 0.4889262453070903, 0), (0.8407580998329773, -0.4889262453070903, -0.23254449943000788, 0), (0.1262481586638536, -0.07341711986445812, 0.46993229021938887, 1) ),
                36: ( (0.07532172985252894, 0.5664885654209888, -0.8206200961829372, 0), (0.5664885654209888, 0.6529503232496745, 0.5027390780667599, 0), (0.8206200961829372, -0.5027390780667599, -0.27172794689779645, 0), (0.1268297247552158, -0.07770009434509859, 0.46468276127007024, 1) ),
                37: ( (0.0742236800810192, 0.5958476192503126, -0.799660215309581, 0), (0.5958476192503126, 0.6165009001339155, 0.5146768449889763, 0), (0.799660215309581, -0.5146768449889763, -0.30927541978506534, 0), (0.12710584280924792, -0.08180778898872981, 0.4595982745349202, 1) ),
                38: ( (0.07541830421747642, 0.6234773303411912, -0.7781954111529966, 0), (0.6234773303411912, 0.5795677296851733, 0.524764009110948, 0), (0.7781954111529966, -0.524764009110948, -0.34501396609735036, 0), (0.1271097208987048, -0.08571446937337948, 0.4547072387308768, 1) ),
                39: ( (0.07863723202435047, 0.6492032132659615, -0.7565390760725446, 0), (0.6492032132659615, 0.5425636603041155, 0.5330664709044746, 0), (0.7565390760725446, -0.5330664709044746, -0.378799107671534, 0), (0.12687740329183964, -0.08939933408518251, 0.4500349981473595, 1) ),
                40: ( (0.08358058023633796, 0.6729035486476845, -0.7349932658363005, 0), (0.6729035486476845, 0.5059039823714993, 0.539686922982215, 0), (0.7349932658363005, -0.539686922982215, -0.4105154373921627, 0), (0.12644660640129995, -0.09284653765176094, 0.4456035951583479, 1) ),
                41: ( (0.08992876293817542, 0.6945087979101159, -0.7138419623571142, 0), (0.6945087979101159, 0.4699948193816098, 0.5447590287272842, 0), (0.7138419623571142, -0.5447590287272842, -0.44007641768021477, 0), (0.12585560561757464, -0.09604503670493814, 0.4414316251635223, 1) ),
                42: ( (0.09735408929461387, 0.7139987114947214, -0.6933455280605003, 0), (0.7139987114947214, 0.43522243443418895, 0.5484407648498202, 0), (0.6933455280605003, -0.5484407648498202, -0.4674234762711973, 0), (0.1251422077251552, -0.09898828988162213, 0.43753417575018805, 1) ),
                43: ( (0.10553163666812615, 0.731397510307313, -0.6737364140213968, 0), (0.731397510307313, 0.4019438361228469, 0.5509072830514353, 0), (0.6737364140213968, -0.5509072830514353, -0.49252452720902706, 0), (0.1243428345023351, -0.10167384706687414, 0.4339228379377321, 1) ),
                44: ( (0.11414900397438221, 0.746767614027824, -0.6552160983453074, 0), (0.746767614027824, 0.3704789271979526, 0.552343638635809, 0), (0.6552160983453074, -0.552343638635809, -0.5153720688276651, 0), (0.12349173388555419, -0.10410286592171694, 0.4306057743587649, 1) ),
                45: ( (0.12291467827035285, 0.7602024403461565, -0.6379531578081924, 0), (0.7602024403461565, 0.3411042962518235, 0.55293770785713, 0), (0.6379531578081924, -0.55293770785713, -0.5359810254778237, 0), (0.12262032648708537, -0.10627959346953673, 0.4275878272458905, 1) ),
                46: ( (0.13156487320630172, 0.7718188081723314, -0.6220823189013268, 0), (0.7718188081723314, 0.3140486211699829, 0.5528735758676433, 0), (0.6220823189013268, -0.5528735758676433, -0.5543865056237154, 0), (0.1217566878685726, -0.10821084824687927, 0.42487064816274367, 1) ),
                47: ( (0.13986880973840132, 0.7817494508446841, -0.6077042966496108, 0), (0.7817494508446841, 0.2894895443681137, 0.5523256284164054, 0), (0.6077042966496108, -0.5523256284164054, -0.5706416458934851, 0), (0.12092516116448535, -0.10990553464860421, 0.4224528315159263, 1) ),
                48: ( (0.147632499459597, 0.7901360898259989, -0.5948862115209875, 0), (0.7901360898259989, 0.267551801248051, 0.551453527691504, 0), (0.5948862115209875, -0.551453527691504, -0.5848156992923519, 0), (0.12014609057691472, -0.11137421611703487, 0.4203300349367546, 1) ),
                49: ( (0.1547011549658147, 0.7971234435205587, -0.5836623753868068, 0), (0.7971234435205587, 0.24830633811598735, 0.5503981997075896, 0), (0.5836623753868068, -0.5503981997075896, -0.5969925069181978, 0), (0.11943566388235632, -0.11262876819525011, 0.41849507151936705, 1) ),
                50: ( (0.16096038950009084, 0.8028544573615872, -0.5740352544109207, 0), (0.8028544573615872, 0.23177014334123802, 0.5492789099812712, 0), (0.5740352544109207, -0.5492789099812712, -0.6072694671586711, 0), (0.11880585118263683, -0.11368212655155417, 0.41693796151279194, 1) ),
                51: ( (0.16633638269992412, 0.8074669465929428, -0.565976446462372, 0), (0.8074669465929428, 0.21790653171152718, 0.5481914570634269, 0), (0.565976446462372, -0.5481914570634269, -0.6157570855885486, 0), (0.11826442733487863, -0.11454813914025505, 0.41564593424346985, 1) ),
                52: ( (0.1707951862483389, 0.8110917468681682, -0.5594275489433274, 0), (0.8110917468681682, 0.2066256599968529, 0.5472074696065549, 0), (0.5594275489433274, -0.5472074696065549, -0.6225791537548082, 0), (0.11781506634360314, -0.1152415258368738, 0.41460337463878416, 1) ),
                53: ( (0.17434133006567765, 0.81385237285796, -0.5543008351287223, 0), (0.81385237285796, 0.19778510306296504, 0.5463747506975782, 0), (0.5543008351287223, -0.5463747506975782, -0.6278735668713573, 0), (0.11745749695805441, -0.11577794322304302, 0.413791712575557, 1) ),
                54: ( (0.17701587482219538, 0.8158660930251973, -0.5504796983656466, 0), (0.8158660930251973, 0.1911903749001358, 0.5457185710577805, 0), (0.5504796983656466, -0.5457185710577805, -0.6317937502776689, 0), (0.11718770922372806, -0.11617414668148016, 0.4131892572334417, 1) ),
                55: ( (0.17889404855754065, 0.8172462401989129, -0.5478188589957754, 0), (0.8172462401989129, 0.18659532798909073, 0.5452437679179696, 0), (0.5478188589957754, -0.5452437679179696, -0.6345106234533686, 0), (0.1169982012277006, -0.11644823654657759, 0.41277098253721234, 1) ),
                56: ( (0.18008261187839292, 0.8181054927222267, -0.5461443542478299, 0), (0.8181054927222267, 0.18370239865798565, 0.5449374565076488, 0), (0.5461443542478299, -0.5449374565076488, -0.6362149894636215, 0), (0.11687825323659133, -0.11661996969193796, 0.41250827347840885, 1) ),
                57: ( (0.1807171238110612, 0.8185597798030899, -0.5452533429977069, 0), (0.8185597798030899, 0.1821626783802549, 0.544772104181234, 0), (0.5452533429977069, -0.544772104181234, -0.637120197808684, 0), (0.11681421243090134, -0.11671111258922333, 0.4123686464923302, 1) ),
                58: ( (0.1809593327718262, 0.8187323871257646, -0.5449137529500636, 0), (0.8187323871257646, 0.18157577694257543, 0.5447086519406935, 0), (0.5449137529500636, -0.5447086519406935, -0.6374648902855984, 0), (0.11678976521862022, -0.11674580652130209, 0.4123154600539305, 1) ),
                59: ( (0.1809949950059303, 0.818757763943542, -0.5448637772553566, 0), (0.818757763943542, 0.18148940246991185, 0.5446992938982811, 0), (0.5448637772553566, -0.5446992938982811, -0.6375156025241577, 0), (0.11678616561497114, -0.11675091023301659, 0.4123076342518034, 1) ),
                60: ( (0.1809949950059303, 0.818757763943542, -0.5448637772553566, 0), (0.818757763943542, 0.18148940246991185, 0.5446992938982811, 0), (0.5448637772553566, -0.5446992938982811, -0.6375156025241577, 0), (0.11678616561497114, -0.11675091023301659, 0.4123076342518034, 1) ),
                61: ( (0.1806507337190203, 0.818676058494471, -0.5451007463347828, 0), (0.818676058494471, 0.18199659615951835, 0.544652871317417, 0), (0.5451007463347828, -0.544652871317417, -0.6373526701214614, 0), (0.11681430877445804, -0.1167183298000708, 0.41233270861175003, 1) ),
                62: ( (0.1783872845081539, 0.8181323972859182, -0.5466601844263067, 0), (0.8181323972859182, 0.18533317843296415, 0.544344554012559, 0), (0.5466601844263067, -0.544344554012559, -0.6362795370588818, 0), (0.11699923956360689, -0.11650363552066167, 0.41249780298534616, 1) ),
                63: ( (0.17268544648459316, 0.8167128318371161, -0.5505995703639944, 0), (0.8167128318371161, 0.193753032805823, 0.5435438460613313, 0), (0.5505995703639944, -0.5435438460613313, -0.6335615207095837, 0), (0.11746429451121707, -0.11595903420574667, 0.4129155293592902, 1) ),
                64: ( (0.16246310290131694, 0.8139860908187468, -0.5577027740197203, 0), (0.8139860908187468, 0.20890248735117245, 0.5420206589532435, 0), (0.5577027740197203, -0.5420206589532435, -0.6286344097475105, 0), (0.11829520604568787, -0.11496884813706564, 0.413671239606447, 1) ),
                65: ( (0.1470801762859174, 0.8094323361213093, -0.5684951318920007, 0), (0.8094323361213093, 0.23183787204548423, 0.5395094941950712, 0), (0.5684951318920007, -0.5395094941950712, -0.6210819516685984, 0), (0.11953882867355625, -0.1134439494313796, 0.41482586861679493, 1) ),
                66: ( (0.12634223343402973, 0.8024026846859127, -0.5832560086786427, 0), (0.8024026846859127, 0.2630408690557404, 0.5356859460684409, 0), (0.5832560086786427, -0.5356859460684409, -0.61061689751023, 0), (0.12120285126467814, -0.111317608528375, 0.4164184759228796, 1) ),
                67: ( (0.10049789371036799, 0.792124575921018, -0.6020289275290077, 0), (0.792124575921018, 0.30243482545441047, 0.5301620814187938, 0), (0.6020289275290077, -0.5301620814187938, -0.5970672808352215, 0), (0.12325714855049964, -0.10854339955637722, 0.4184683513097214, 1) ),
                68: ( (0.07022379457783379, 0.7777563520268408, -0.6246308314172391, 0), (0.7777563520268408, 0.34940801927336784, 0.5225027205186237, 0), (0.6246308314172391, -0.5225027205186237, -0.5803681861487984, 0), (0.12563710601064149, -0.10509524408153502, 0.42097667259905375, 1) ),
                69: ( (0.03658865513110676, 0.758483989216428, -0.6506637445086598, 0), (0.758483989216428, 0.4028532412850542, 0.5122609726384194, 0), (0.6506637445086598, -0.5122609726384194, -0.5605581035838392, 0), (0.12824905421343383, -0.10096918078775266, 0.4239278075424194, 1) ),
                70: ( (0.0009876057820507045, 0.7336440964290025, -0.6795331959585872, 0), (0.7336440964290025, 0.46123425160658815, 0.49902836083712004, 0), (0.6795331959585872, -0.49902836083712004, -0.5377781426113613, 0), (0.13097777456023674, -0.09618606498345686, 0.4272904259383903, 1) ),
                71: ( (-0.03495885709886104, 0.7028509062984597, -0.7104776434383953, 0), (0.7028509062984597, 0.5226869231600976, 0.48249247027582115, 0), (0.7104776434383953, -0.48249247027582115, -0.5122719339387634, 0), (0.13369582326687562, -0.09079417013237487, 0.43101862531252694, 1) ),
                72: ( (-0.06953999458096449, 0.6661022816365542, -0.7426115670741041, 0), (0.6661022816365542, 0.58515599991634, 0.4624934660732897, 0), (0.7426115670741041, -0.4624934660732897, -0.48438399466462445, 0), (0.13627414831589274, -0.08487061875311928, 0.43505327123818727, 1) ),
                73: ( (-0.10111354065344025, 0.6238419461300213, -0.7749821147260324, 0), (0.6238419461300213, 0.6465589066134454, 0.43907038903521356, 0), (0.7749821147260324, -0.43907038903521356, -0.45455463403999485, 0), (0.13859317984319275, -0.07852073000793071, 0.43932371456894503, 1) ),
                74: ( (-0.12826884656857906, 0.5769625730650897, -0.8066357866361235, 0), (0.5769625730650897, 0.7049587855498274, 0.4124891513218542, 0), (0.8066357866361235, -0.4124891513218542, -0.4233100610187517, 0), (0.14055333033019962, -0.07187472326902578, 0.4437499807682111, 1) ),
                75: ( (-0.14997020817516638, 0.5267459055882336, -0.8366885248441797, 0), (0.5267459055882336, 0.7587230981450741, 0.3832466715930773, 0), (0.8366885248441797, -0.3832466715930773, -0.39124711003009227, 0), (0.1420837311994421, -0.06508170657635436, 0.4482454438606155, 1) ),
                76: ( (-0.1656568429408618, 0.47474908091430057, -0.8643906064724985, 0), (0.47474908091430057, 0.8066440469217853, 0.35204927458620267, 0), (0.8643906064724985, -0.35204927458620267, -0.35901279601907654, 0), (0.14314812112767047, -0.05830141121851449, 0.45271991465964123, 1) ),
                77: ( (-0.17528283567739922, 0.42265730740138263, -0.8891775570813194, 0), (0.42265730740138263, 0.8480032260516897, 0.3197676173506944, 0), (0.8891775570813194, -0.3197676173506944, -0.32727960962570957, 0), (0.143747105168559, -0.051694590079049904, 0.45708300533664303, 1) ),
                78: ( (-0.17929158833070002, 0.3721289115986413, -0.910700060122028, 0), (0.3721289115986413, 0.882573633003175, 0.2873740689066908, 0), (0.910700060122028, -0.2873740689066908, -0.296717955327525, 0), (0.14391647888067105, -0.045413266046255216, 0.46124759278517014, 1) ),
                79: ( (-0.17853162482921459, 0.3246580186599018, -0.9288291715141528, 0), (0.3246580186599018, 0.910564276036761, 0.2558708074897879, 0), (0.9288291715141528, -0.2558708074897879, -0.26796734879245365, 0), (0.14372186272476192, -0.0395920263888492, 0.4651331988618664, 1) ),
                80: ( (-0.17413052793856587, 0.2814733637860598, -0.9436372739134443, 0), (0.2814733637860598, 0.932522617685327, 0.22621740203677096, 0), (0.9436372739134443, -0.22621740203677096, -0.2416079102532389, 0), (0.14325040031254355, -0.03434130284514755, 0.4686691365907465, 1) ),
                81: ( (-0.16734891502833227, 0.2434813544174925, -0.9553591841238893, 0), (0.2434813544174925, 0.9492155522776686, 0.19926531400427913, 0), (0.9553591841238893, -0.19926531400427913, -0.21813336275066364, 0), (0.14260063502733267, -0.02974311734071967, 0.47179733059944895, 1) ),
                82: ( (-0.15943612393224282, 0.2112506903445481, -0.9643408464927816, 0), (0.2112506903445481, 0.9615098639330854, 0.17570409041434285, 0), (0.9643408464927816, -0.17570409041434285, -0.19792625999915758, 0), (0.14187183426089756, -0.025849223005417928, 0.4744747942543115, 1) ),
                83: ( (-0.15150486872499225, 0.18502739346881567, -0.9709846231628799, 0), (0.18502739346881567, 0.9702692213783074, 0.15602083742907286, 0), (0.9709846231628799, -0.15602083742907286, -0.18123564734668474, 0), (0.14115397923320921, -0.022681061595675723, 0.47667581878485715, 1) ),
                84: ( (-0.14443572688643935, 0.1647646168998511, -0.9757002315345791, 0), (0.1647646168998511, 0.9762788085478491, 0.14047173736462967, 0), (0.9757002315345791, -0.14047173736462967, -0.16815691833859026, 0), (0.14051943027195304, -0.020230607583995044, 0.47839398501657804, 1) ),
                85: ( (-0.13881610149403367, 0.15015136460810463, -0.9788690707506917, 0), (0.15015136460810463, 0.9802027454089398, 0.12906256466962476, 0), (0.9788690707506917, -0.12906256466962476, -0.15861335608509375, 0), (0.14001698212738145, -0.01846104995104433, 0.47964413388079596, 1) ),
                86: ( (-0.1349135728866111, 0.14062752158198458, -0.9808273181476328, 0), (0.14062752158198458, 0.9825747966199825, 0.12153464206105406, 0), (0.9808273181476328, -0.12153464206105406, -0.15233877626662862, 0), (0.13966869633329176, -0.01730639502176435, 0.4804644221405435, 1) ),
                87: ( (-0.13268036225948077, 0.13537815275780996, -0.9818699899816553, 0), (0.13537815275780996, 0.983819579773099, 0.11735327098537174, 0), (0.9818699899816553, -0.11735327098537174, -0.1488607824863819, 0), (0.13946955054634536, -0.01666942479806218, 0.4809185477497967, 1) ),
                88: ( (-0.13178284137451524, 0.13330658136111867, -0.9822742173573891, 0), (0.13330658136111867, 0.9842985385671631, 0.11569676892791109, 0), (0.9822742173573891, -0.11569676892791109, -0.14748430280735225, 0), (0.13938953958297584, -0.0164179401913711, 0.4810981663196437, 1) ),
                89: ( (-0.13164578850182163, 0.13299210963027996, -0.9823352203529208, 0), (0.13299210963027996, 0.9843706384068039, 0.1154449869793781, 0), (0.9823352203529208, -0.1154449869793781, -0.14727515009501757, 0), (0.13937732288941276, -0.016379758042685343, 0.48112545346963775, 1) ),
                90: ( (-0.13164578850182163, 0.13299210963027994, -0.9823352203529208, 0), (0.13299210963027994, 0.9843706384068039, 0.11544498697937808, 0), (0.9823352203529208, -0.11544498697937808, -0.14727515009501757, 0), (0.13937732288941276, -0.016379758042685336, 0.48112545346963775, 1) ),
                91: ( (-0.1319453471789136, 0.13262445433056763, -0.9823447355543546, 0), (0.13262445433056763, 0.9844610467013115, 0.11509648839681103, 0), (0.9823447355543546, -0.11509648839681103, -0.14748430047760208, 0), (0.1393995464445044, -0.01633275743144944, 0.4810981666115034, 1) ),
                92: ( (-0.13391085301847006, 0.13019933659620112, -0.9824031841325512, 0), (0.13019933659620112, 0.9850500881925902, 0.1128027326871086, 0), (0.9824031841325512, -0.1128027326871086, -0.14886076482587973, 0), (0.13954528788450424, -0.016023044368367472, 0.48091854996225814, 1) ),
                93: ( (-0.1388307529053605, 0.12402938444000863, -0.9825185666658743, 0), (0.12402938444000863, 0.9864920330213055, 0.10700551659108112, 0), (0.9825185666658743, -0.10700551659108112, -0.15233871988405512, 0), (0.13990952777506488, -0.015237464006801062, 0.48046442920432947, 1) ),
                94: ( (-0.147535782369002, 0.1127464740895674, -0.9826094979701432, 0), (0.1127464740895674, 0.9889225524685714, 0.09654231092850513, 0), (0.9826094979701432, -0.09654231092850513, -0.15861322990043059, 0), (0.14055201013448496, -0.013809367701066283, 0.4796441496909224, 1) ),
                95: ( (-0.16034309975919014, 0.095217860903488, -0.9824579631335779, 0), (0.095217860903488, 0.9921864136246275, 0.08062059032073476, 0), (0.9824579631335779, -0.08062059032073476, -0.1681566861345627, 0), (0.14149267053040837, -0.011610901486141037, 0.4783940141139502, 1) ),
                96: ( (-0.17701274594692462, 0.07049797755103686, -0.9816804586694913, 0), (0.07049797755103686, 0.9957774757699942, 0.058798417583741366, 0), (0.9816804586694913, -0.058798417583741366, -0.18123527017693042, 0), (0.1427088509827354, -0.008547643521754023, 0.47667586605611717, 1) ),
                97: ( (-0.1967297072799301, 0.03783223717145764, -0.9797275866811941, 0), (0.03783223717145764, 0.9988040088244733, 0.0309721453368022, 0), (0.9797275866811941, -0.0309721453368022, -0.1979256984554567, 0), (0.144135494413656, -0.004556557906360405, 0.47447486464939415, 1) ),
                98: ( (-0.21812372433977534, -0.003284230623839746, -0.975915598148403, 0), (-0.003284230623839746, 0.9999911452584208, -0.0026312038996359373, 0), (0.975915598148403, 0.0026312038996359373, -0.21813257908135464, 0), (0.14566895733846408, 0.0003927437263346038, 0.4717974288675512, 1) ),
                99: ( (-0.2393400118456228, -0.05300385262102119, -0.969487983596015, 0), (-0.05300385262102119, 0.9977331415383844, -0.0414628735530368, 0), (0.969487983596015, 0.0414628735530368, -0.24160687030723826, 0), (0.14717469744962278, 0.006294338840514165, 0.46866926703766054, 1) ),
                100: ( (-0.2581725224046836, -0.11100411829885747, -0.9597004920264953, 0), (-0.11100411829885747, 0.9902064986638267, -0.08467098514023647, 0), (0.9597004920264953, 0.08467098514023647, -0.26796602374085676, 0), (0.14849870167586957, 0.013101516011929723, 0.4651333651344868, 1) ),
                101: ( (-0.2722639074708748, -0.1763800607996856, -0.9459188331146547, 0), (-0.1763800607996856, 0.9755475843769363, -0.1311372745203415, 0), (0.9459188331146547, 0.1311372745203415, -0.29671632309393847, 0), (0.14948202062805813, 0.020723411025035558, 0.46124779769167423, 1) ),
                102: ( (-0.2793621871824914, -0.24759087001621297, -0.9277152200202546, 0), (-0.24759087001621297, 0.9520845312378761, -0.1795377577618942, 0), (0.9277152200202546, 0.1795377577618942, -0.32727765594461533, 0), (0.1499771849014461, 0.02902460465406482, 0.4570832507124149, 1) ),
                103: ( (-0.27760606096240514, -0.32249468821215277, -0.9049486454997786, 0), (-0.32249468821215277, 0.9185955459175659, -0.2284281048718732, 0), (0.9049486454997786, 0.2284281048718732, -0.3590105150448393, 0), (0.14986472269787582, 0.037829013572497745, 0.4527202012886862, 1) ),
                104: ( (-0.2657945685805676, -0.39848945712595935, -0.8778151285279426, 0), (-0.39848945712595935, 0.8745500641398631, -0.27634821850777236, 0), (0.8778151285279426, 0.27634821850777236, -0.39124450444070447, 0), (0.14906765721564147, 0.04692853901681018, 0.4482457714596114, 1) ),
                105: ( (-0.2435894305991464, -0.47275262652701405, -0.8468583963167595, 0), (-0.47275262652701405, 0.8202822890023171, -0.32193465246992087, 0), (0.8468583963167595, 0.32193465246992087, -0.42330714159682925, 0), (0.14756189536021164, 0.056095904235238477, 0.4437503480356053, 1) ),
                106: ( (-0.21160499155870283, -0.5425450247515572, -0.8129380195714636, 0), (-0.5425450247515572, 0.7570535727952172, -0.36402580133189577, 0), (0.8129380195714636, 0.36402580133189577, -0.4545514187634856, 0), (0.14538089102244198, 0.06510016025660509, 0.4393241192953088, 1) ),
                107: ( (-0.17136164484361682, -0.6055231537293487, -0.777159505490446, 0), (-0.6055231537293487, 0.686981137451118, -0.40174447984263817, 0), (0.777159505490446, 0.40174447984263817, -0.48438050739249894, 0), (0.14261380678925337, 0.0737227161504897, 0.43505371046745944, 1) ),
                108: ( (-0.12510849212276476, -0.6599974835680145, -0.7407774206080101, 0), (-0.6599974835680145, 0.6128402893002234, -0.434545856606995, 0), (0.7407774206080101, 0.434545856606995, -0.5122682028225414, 0), (0.139397416755398, 0.08177162017581306, 0.431019095538076, 1) ),
                109: ( (-0.0755502223628084, -0.705085172302007, -0.7050865646860531, 0), (-0.705085172302007, 0.5377760239703134, -0.4622248888176947, 0), (0.7050865646860531, 0.4622248888176947, -0.5377741983924951, 0), (0.1359029405167246, 0.08909221181701431, 0.4272909233141498, 1) ),
                110: ( (-0.025532041323742316, -0.7407308140034748, -0.6713165989692141, 0), (-0.7407308140034748, 0.4649780633806242, -0.48488479225539133, 0), (0.6713165989692141, 0.48488479225539133, -0.5605539779431181, 0), (0.13231965179748012, 0.095573067866402, 0.423928328088531, 1) ),
                111: ( (0.022260795073245854, -0.7676000262224068, -0.6405424706809595, 0), (-0.7676000262224068, 0.3973752946719783, -0.5028748103929239, 0), (0.6405424706809595, 0.5028748103929239, -0.5803639102547757, 0), (0.12883734188489612, 0.10114716328336248, 0.4209772123837796, 1) ),
                112: ( (0.06554516077681627, -0.7868781952330599, -0.6136175826730388, 0), (-0.7868781952330599, 0.3373919550269949, -0.5167101455843737, 0), (0.6136175826730388, 0.5167101455843737, -0.5970628841961889, 0), (0.12562954682902802, 0.10578911567192634, 0.4184689065946171, 1) ),
                113: ( (0.10260265272786351, -0.8000233139047342, -0.5911306055873715, 0), (-0.8000233139047342, 0.2867849400974204, -0.5269887051372222, 0), (0.5911306055873715, 0.5269887051372222, -0.6106124071747161, 0), (0.12283898875532948, 0.10951007951992905, 0.4164190432655742, 1) ),
                114: ( (0.13236460263074235, -0.8085251660838051, -0.5733817818692544, 0), (-0.8085251660838051, 0.24655800561738683, -0.5343184496862635, 0), (0.5733817818692544, 0.5343184496862635, -0.6210773917518708, 0), (0.12056611054758666, 0.1123521871631051, 0.41482644493408016, 1) ),
                115: ( (0.154438274817002, -0.8137151794639771, -0.5603716855636585, 0), (-0.8137151794639771, 0.2169319239860431, -0.5392663044040682, 0), (0.5603716855636585, 0.5392663044040682, -0.6286298011969549, 0), (0.11886105891112655, 0.11438437313634742, 0.41367182220838095, 1) ),
                116: ( (0.16909944643938024, -0.8166563456746682, -0.5517950618510392, 0), (-0.8166563456746682, 0.197343672389254, -0.5423355861800143, 0), (0.5517950618510392, 0.5423355861800143, -0.6335568811713657, 0), (0.11771907963323373, 0.11570101015999401, 0.412916115971274, 1) ),
                117: ( (0.17727332419057684, -0.8181245688805858, -0.5470341473110965, 0), (-0.8181245688805858, 0.18645179512680843, -0.5439741886229037, 0), (0.5470341473110965, 0.5439741886229037, -0.6362748806826146, 0), (0.11707901439623895, 0.1164241065644924, 0.41249839177832376, 1) ),
                118: ( (0.18051718221243762, -0.8186736040373148, -0.5451486741968976, 0), (-0.8186736040373148, 0.1821348106395666, -0.5446103568661202, 0), (0.5451486741968976, 0.5446103568661202, -0.6373480071479958, 0), (0.11682431565127113, 0.11670895527941674, 0.41233329825965326, 1) ),
                119: ( (0.18101051090508868, -0.8187554358315695, -0.5448621213097268, 0), (-0.8187554358315695, 0.18147855054333129, -0.5447064089846457, 0), (0.5448621213097268, 0.5447064089846457, -0.63751093855158, 0), (0.11678554649855179, 0.11675217117611714, 0.4123082240292012, 1) ),
                120: ( (0.18101051090508868, -0.8187554358315695, -0.5448621213097268, 0), (-0.8187554358315695, 0.18147855054333129, -0.5447064089846457, 0), (0.5448621213097268, 0.5447064089846457, -0.63751093855158, 0), (0.11678554649855179, 0.11675217117611714, 0.4123082240292012, 1) ),
                121: ( (0.18097484782670248, -0.8187300599797934, -0.5449120968923207, 0), (-0.8187300599797934, 0.18156492589291895, -0.5447157667728949, 0), (0.5449120968923207, 0.5447157667728949, -0.6374602262803786, 0), (0.1167891461573938, 0.11674706739433552, 0.41231604983446535, 1) ),
                122: ( (0.18073263312652155, -0.8185574592185083, -0.5452516861788642, 0), (-0.8185574592185083, 0.1821518332906632, -0.5447792172858569, 0), (0.5452516861788642, 0.5447792172858569, -0.6371155335828154, 0), (0.11681359374466414, 0.11671237298602417, 0.4123692362940382, 1) ),
                123: ( (0.18009810611474186, -0.8181031893310402, -0.5461426954379814, 0), (-0.8181031893310402, 0.1836915692168355, -0.544944565075235, 0), (0.5461426954379814, 0.544944565075235, -0.6362103246684225, 0), (0.11687763553381084, 0.1166212288382186, 0.41250886333447845, 1) ),
                124: ( (0.17890951437644842, -0.8172439690325312, -0.5478171964675247, 0), (-0.8172439690325312, 0.1865845279977416, -0.5452508679422851, 0), (0.5478171964675247, 0.5452508679422851, -0.6345059576258101, 0), (0.11699758537146748, 0.11644949333883493, 0.4127715724907786, 1) ),
                125: ( (0.17703129527356076, -0.8158638728309057, -0.5504780299913172, 0), (-0.8158638728309057, 0.191179621815746, -0.5457256574614616, 0), (0.5504780299913172, 0.5457256574614616, -0.6317890829106934, 0), (0.11718709629719627, 0.11617539972266608, 0.413189847329392, 1) ),
                126: ( (0.17435668491320866, -0.813850225360848, -0.5542991584931133, 0), (-0.813850225360848, 0.19777441757609726, -0.5463818174431987, 0), (0.5542991584931133, 0.5463818174431987, -0.6278688975106941, 0), (0.11745688822916098, 0.11577919085487662, 0.4137923028490409, 1) ),
                127: ( (0.17081045223950353, -0.8110896959787164, -0.5594258614712855, 0), (-0.8110896959787164, 0.20661506563893028, -0.5472145097931652, 0), (0.5594258614712855, 0.5472145097931652, -0.6225744821215662, 0), (0.1178144632290448, 0.11524276616899984, 0.4146039651005151, 1) ),
                128: ( (0.16635153379266598, -0.8074650175670731, -0.5659747455586991, 0), (-0.8074650175670731, 0.21789605448342897, -0.5481984630094845, 0), (0.5659747455586991, 0.5481984630094845, -0.615752411723905, 0), (0.11826383136348742, 0.11454937007671259, 0.41564652486227716, 1) ),
                129: ( (0.1609753970643315, -0.8028526759253954, -0.5740335376085731, 0), (-0.8028526759253954, 0.23175981135085966, -0.549285873295542, 0), (0.5740335376085731, 0.549285873295542, -0.6072647915848088, 0), (0.11880526395841297, 0.11368334581524568, 0.41693855219614784, 1) ),
                130: ( (0.1547159879817267, -0.7971218349763195, -0.5836606404982467, 0), (-0.7971218349763195, 0.24829618121029995, -0.5504051113501467, 0), (0.5836606404982467, 0.5504051113501467, -0.5969878308079735, 0), (0.11943508704751248, 0.11262997335126632, 0.41849566209282163, 1) ),
                131: ( (0.1476471247366582, -0.7901346781596278, -0.5948844567868449, 0), (-0.7901346781596278, 0.2675418506243301, -0.5514603780273706, 0), (0.5948844567868449, 0.5514603780273706, -0.5848110246390117, 0), (0.12014552577536124, 0.11137540459578377, 0.4203306251233555, 1) ),
                132: ( (0.13988319217915335, -0.7817482578578206, -0.6077025208784581, 0), (-0.7817482578578206, 0.28947983214969375, -0.5523324072647267, 0), (0.6077025208784581, 0.5523324072647267, -0.5706369756711529, 0), (0.12092461000624893, 0.10990670376971826, 0.4224534209167731, 1) ),
                133: ( (0.13157897613637248, -0.7718178526645201, -0.6220805215944583, 0), (-0.7718178526645201, 0.31403917993443575, -0.5528802725495244, 0), (0.6220805215944583, 0.5528802725495244, -0.5543818439291917, 0), (0.12175615189569505, 0.10821199524481759, 0.4248712362398518, 1) ),
                134: ( (0.12292846385184075, -0.7602017373742112, -0.6379513392636289, 0), (-0.7602017373742112, 0.3410951585035291, -0.5529443112454303, 0), (0.6379513392636289, 0.5529443112454303, -0.53597637764463, 0), (0.12261980714158915, 0.10628071552168157, 0.42758841330848585, 1) ),
                135: ( (0.11416243371318546, -0.7467671742700296, -0.6552142597360333, 0), (-0.7467671742700296, 0.37047012478280195, -0.5523501372102397, 0), (0.6552142597360333, 0.5523501372102397, -0.5153674415040126, 0), (0.12349123248009802, 0.10410396017956589, 0.430606357554044, 1) ),
                136: ( (0.1055446720177784, -0.7313973395594489, -0.6737345574438202, 0), (-0.7313973395594489, 0.401935399589601, -0.5509136649622228, 0), (0.6737345574438202, 0.5509136649622228, -0.4925199283926207, 0), (0.12434235219419633, 0.1016749106906844, 0.4339234172469617, 1) ),
                137: ( (0.09736669235007045, -0.7139988103226249, -0.6933436565504032, 0), (-0.7139988103226249, 0.4352143923545103, -0.5484470179929606, 0), (0.6933436565504032, 0.5484470179929606, -0.46741891529541935, 0), (0.1251417454941747, 0.09898932007857027, 0.4375347499908221, 1) ),
                138: ( (0.08994089720353149, -0.694509161479381, -0.7138400798718375, 0), (-0.694509161479381, 0.46998719764834074, -0.5447651408339806, 0), (0.7138400798718375, 0.5447651408339806, -0.44007190514812766, 0), (0.12585516424866988, 0.09604603077053325, 0.44143219299777153, 1) ),
                139: ( (0.08359221144141182, -0.6729041667450937, -0.734991377203451, 0), (-0.6729041667450937, 0.5058968035015121, -0.5396928817244523, 0), (0.734991377203451, 0.5396928817244523, -0.41051098505707606, 0), (0.12644618647208913, 0.0928474930139205, 0.44560415510835677, 1) ),
                140: ( (0.07864832895728835, -0.64920407051933, -0.7565371869071336, 0), (-0.64920407051933, 0.5425569427774672, -0.5330722640178356, 0), (0.7565371869071336, 0.5330722640178356, -0.3787947282652444, 0), (0.12687700516582104, 0.08940024835005118, 0.45003554861684525, 1) ),
                141: ( (0.07542883953482349, -0.6234784066349214, -0.7781935277464145, 0), (-0.6234784066349214, 0.5795614873554544, -0.5247696245347221, 0), (0.7781935277464145, 0.5247696245347221, -0.3450096731097221, 0), (0.12710934472429647, 0.08571534037168167, 0.45470777803277107, 1) ),
                142: ( (0.07423363105373648, -0.5958488903235454, -0.7996583444951837, 0), (-0.5958488903235454, 0.6164951417451972, -0.5146822710223942, 0), (0.7996583444951837, 0.5146822710223942, -0.3092712272010665, 0), (0.1271054885248144, 0.08180861482119674, 0.45959880092424765, 1) ),
                143: ( (0.07533107900675928, -0.5664900036246656, -0.820618245184083, 0), (-0.5664900036246656, 0.6529450520928458, -0.5027443035388838, 0), (0.820618245184083, 0.5027443035388838, -0.2717238689003949, 0), (0.12682939209999552, 0.07770087342533902, 0.46468327298101364, 1) ),
                144: ( (0.07894662594259572, -0.5356270292382652, -0.8407562761000779, 0), (-0.5356270292382652, 0.6885128239780719, -0.4889312597565542, 0), (0.8407562761000779, 0.4889312597565542, -0.2325405500793325, 0), (0.1262478471944622, 0.07341785095755131, 0.4699327855052441, 1) ),
                145: ( (0.08525240397562173, -0.503531455846248, -0.8597604902469849, 0), (-0.503531455846248, 0.722826353271023, -0.47326328400824885, 0), (0.8597604902469849, 0.47326328400824885, -0.19192124275335543, 0), (0.12533165389670503, 0.06898999289476582, 0.47531619885672105, 1) ),
                146: ( (0.09435855287747719, -0.4705138665908792, -0.8773329840172251, 0), (-0.4705138665908792, 0.7555508315595575, -0.45580658428258963, 0), (0.8773329840172251, 0.45580658428258963, -0.15009061556296532, 0), (0.12405675180668894, 0.06445202144262444, 0.48080007018443904, 1) ),
                147: ( (0.10630682830295546, -0.4369146151041778, -0.8931990133024856, 0), (-0.4369146151041778, 0.7863982998447441, -0.43667302768738103, 0), (0.8931990133024856, 0.43667302768738103, -0.10729487185230058, 0), (0.12240525767304256, 0.05984229010208285, 0.48634916836438047, 1) ),
                148: ( (0.121066979485839, -0.4030927713953083, -0.9071157611501552, 0), (-0.4030927713953083, 0.8151351939695017, -0.4160178279847542, 0), (0.9071157611501552, 0.4160178279847542, -0.06379782654465926, 0), (0.12036635675915804, 0.05520194053060235, 0.4919270637673686, 1) ),
                149: ( (0.13853621026260077, -0.3694139642665666, -0.9188803194382478, 0), (-0.3694139642665666, 0.8415874484559132, -0.3940353913119043, 0), (0.9188803194382478, 0.3940353913119043, -0.019876341281486187, 0), (0.11793699875317684, 0.050573889189692946, 0.49749677565111394, 1) ),
                150: ( (0.15854183510052344, -0.33623784160479075, -0.9283364693880719, 0), (-0.33623784160479075, 0.8656428913010139, -0.3709534992596414, 0), (0.9283364693880719, 0.3709534992596414, 0.02418472640153735, 0), (0.11512235635870786, 0.04600168402565056, 0.5030214559439318, 1) ),
                151: ( (0.18084702167456457, -0.3039059037167581, -0.9353798995261445, 0), (-0.3039059037167581, 0.8872508545318297, -0.34702611258900745, 0), (0.9353798995261445, 0.34702611258900745, 0.06809787620639429, 0), (0.11193601545102945, 0.041528282059890564, 0.5084650852601178, 1) ),
                152: ( (0.2051592951622, -0.2727304333893718, -0.9399615812956372, 0), (-0.2727304333893718, 0.9064191241791858, -0.3225251649491604, 0), (0.9399615812956372, 0.3225251649491604, 0.11157841934138579, 0), (0.10839987915196807, 0.03719480625555628, 0.5137931553869476, 1) ),
                153: ( (0.23114128868382744, -0.24298515261697698, -0.94208912544052, 0), (-0.24298515261697698, 0.9232085381575182, -0.2977317764041364, 0), (0.94208912544052, 0.2977317764041364, 0.15434982684134568, 0), (0.1045437833530016, 0.03303934361321054, 0.5189733123499859, 1) ),
                154: ( (0.25842307836162925, -0.21489809021313308, -0.9418260579283455, 0), (-0.21489809021313308, 0.9377256926021599, -0.2729273461134806, 0), (0.9418260579283455, 0.2729273461134806, 0.19614877096378913, 0), (0.10040483688058673, 0.029095845709612232, 0.5239759355334365, 1) ),
                155: ( (0.28661535421558615, -0.18864696289377855, -0.9392890727134152, 0), (-0.18864696289377855, 0.9501143221691916, -0.2483849798194951, 0), (0.9392890727134152, 0.2483849798194951, 0.2367296763847777, 0), (0.09602651435278026, 0.025393187808253233, 0.528774631135285, 1) ),
                156: ( (0.31532265650482627, -0.16435717454521412, -0.9346434301220191, 0), (-0.16435717454521412, 0.960545969453893, -0.2243616717298097, 0), (0.9346434301220191, 0.2243616717298097, 0.2758686259587193, 0), (0.09145754258886152, 0.021954433622732868, 0.5333466223014697, 1) ),
                157: ( (0.3441559504567444, -0.1421023448156638, -0.9280967650860038, 0), (-0.1421023448156638, 0.9692105517825881, -0.2010915958243441, 0), (0.9280967650860038, 0.2010915958243441, 0.3133665022393325, 0), (0.08675063117038727, 0.01879634055098307, 0.5376730233515223, 1) ),
                158: ( (0.3727439127228267, -0.12190710760695274, -0.9198916417942847, 0), (-0.12190710760695274, 0.9763073755894438, -0.17878077492996736, 0), (0.9198916417942847, 0.17878077492996736, 0.3490512883122705, 0), (0.08196110368915469, 0.015929125742550603, 0.5417389912586842, 1) ),
                159: ( (0.40074244675051185, -0.10375178710161342, -0.9102972360968886, 0), (-0.10375178710161342, 0.9820370502325617, -0.15760329515511567, 0), (0.9102972360968886, 0.15760329515511567, 0.38277949698307356, 0), (0.07714548801153738, 0.013356497894138031, 0.5455337536226826, 1) ),
                160: ( (0.42784211438729314, -0.08757847263279815, -0.8996005426231781, 0), (-0.08757847263279815, 0.9865946287527259, -0.13769912725786376, 0), (0.8996005426231781, 0.13769912725786376, 0.414436743140019, 0), (0.07236012159990354, 0.011075944400306209, 0.5490505184082346, 1) ),
                161: ( (0.4537733491463434, -0.07329797679396137, -0.8880974913839261, 0), (-0.07329797679396137, 0.9901641683105508, -0.11917351380146146, 0), (0.8880974913839261, 0.11917351380146146, 0.44393751745689414, 0), (0.06765982199943266, 0.00907924952956325, 0.55228627637232, 1) ),
                162: ( (0.4783094856009211, -0.06079717066896534, -0.8760843224386743, 0), (-0.06079717066896534, 0.9929147725340397, -0.10209778901780811, 0), (0.8760843224386743, 0.10209778901780811, 0.4712242581349608, 0), (0.06309666377343587, 0.007353207563098211, 0.5552415120674963, 1) ),
                163: ( (0.5012677853841343, -0.049946238217893416, -0.8638495127184868, 0), (-0.049946238217893416, 0.9949980638125813, -0.08651142292839592, 0), (0.8638495127184868, 0.08651142292839592, 0.49626584919671557, 0), (0.05871889241712987, 0.005880485965430808, 0.557919843346806, 1) ),
                164: ( (0.5225087535954364, -0.04060546787806611, -0.851666483075709, 0), (-0.04060546787806611, 0.9965469439827183, -0.07242502617954949, 0), (0.851666483075709, 0.07242502617954949, 0.5190556975781546, 0), (0.05456999416379005, 0.004640587993620764, 0.5603276122381375, 1) ),
                165: ( (0.5419341151204331, -0.032631291254031566, -0.8397872431156166, 0), (-0.032631291254031566, 0.9976754410139376, -0.05982401882805723, 0), (0.8397872431156166, 0.05982401882805723, 0.5396095561343707, 0), (0.05068792916857283, 0.0036108617436076663, 0.5624734518042349, 1) ),
                166: ( (0.5594838579603146, -0.025881374703296905, -0.8284370628631423, 0), (-0.025881374703296905, 0.9984794074663622, -0.04867265463368225, 0), (0.8284370628631423, 0.04867265463368225, 0.5579632654266768, 0), (0.04710452524661674, 0.002767503280319674, 0.5643678541280693, 1) ),
                167: ( (0.575132753269586, -0.020218659763424424, -0.8178101991990051, 0), (-0.020218659763424424, 0.9990378307441324, -0.03891810040879619, 0), (0.8178101991990051, 0.03891810040879619, 0.5741705840137183, 0), (0.04384502088670034, 0.002086504823448826, 0.5660227638883277, 1) ),
                168: ( (0.5888867350449274, -0.015514325448006643, -0.8080666550440124, 0), (-0.015514325448006643, 0.9994145304600353, -0.030494294732632758, 0), (0.8080666550440124, 0.030494294732632758, 0.5883012655049626, 0), (0.04092774013979224, 0.0015445044821153417, 0.5674512201868629, 1) ),
                169: ( (0.6007794732324458, -0.011649705256026302, -0.7993299124329032, 0), (-0.011649705256026302, 0.9996600484608065, -0.023325348417243374, 0), (0.7993299124329032, 0.023325348417243374, 0.6004395216932523, 0), (0.03836387839355311, 0.0011195012425379445, 0.5686670664600597, 1) ),
                170: ( (0.6108694096118289, -0.008517233110781387, -0.7916855569862521, 0), (-0.008517233110781387, 0.9998135760547866, -0.017328296992956443, 0), (0.7916855569862521, 0.017328296992956443, 0.6106829856666155, 0), (0.03615737690978183, 0.0007914073460731906, 0.56968474456806, 1) ),
                171: ( (0.6192374528194962, -0.006020516858689512, -0.7851806992039327, 0), (-0.006020516858689512, 0.9999048051771001, -0.012415069895080639, 0), (0.7851806992039327, 0.012415069895080639, 0.6191422579965962, 0), (0.03430486498450452, 0.0005424194672076508, 0.5705191846366735, 1) ),
                172: ( (0.625985452939493, -0.004073648998214822, -0.7798240943263917, 0), (-0.004073648998214822, 0.9999556310943222, -0.008493599154373439, 0), (0.7798240943263917, 0.008493599154373439, 0.6259410840338153, 0), (0.03279565113360636, 0.0003571999336287988, 0.5711857970554368, 1) ),
                173: ( (0.6312355017470688, -0.0025998669754707182, -0.7755868629791484, 0), (-0.0025998669754707182, 0.999981670393104, -0.00546804988338487, 0), (0.7755868629791484, 0.00546804988338487, 0.6312171721401728, 0), (0.03161174808824846, 0.00022286944725130814, 0.5717005673391916, 1) ),
                174: ( (0.6351300354619729, -0.0015296753892314345, -0.7724037144830913, 0), (-0.0015296753892314345, 0.9999935870117471, -0.0032382137951302604, 0), (0.7724037144830913, 0.0032382137951302604, 0.63512362247372, 0), (0.030727919778196888, 0.00012882327189221634, 0.572080248464957, 1) ),
                175: ( (0.6378326555337679, -0.0007985455428414541, -0.770174568432221, 0), (-0.0007985455428414541, 0.999998239280836, -0.0016981637859642368, 0), (0.770174568432221, 0.0016981637859642368, 0.6378308948146039, 0), (0.03011174103155872, 0.00006639360769366474, 0.5723426389221483, 1) ),
                176: ( (0.6395295318001157, -0.0003443191229769004, -0.768766453092138, 0), (-0.0003443191229769004, 0.9999996711085404, -0.0007343208785579855, 0), (0.768766453092138, 0.0007343208785579855, 0.639529202908656, 0), (0.029723661620906103, 0.000028391854545203567, 0.572506928175492, 1) ),
                177: ( (0.6404312131227613, -0.0001044663933272887, -0.7680155274113154, 0), (-0.0001044663933272887, 0.999999969649125, -0.00022313341729355307, 0), (0.7680155274113154, 0.00022313341729355307, 0.6404311827718863, 0), (0.02951706487431712, 0.000008575664578138902, 0.5725940846298214, 1) ),
                178: ( (0.6407746443583044, -0.000013387584281200547, -0.7677290244404344, 0), (-0.000013387584281200547, 0.9999999995010724, -0.000028611669133043825, 0), (0.7677290244404344, 0.000028611669133043825, 0.6407746438593769, 0), (0.0294383069217624, 0.0000010971046693152728, 0.5726272545567559, 1) ),
                179: ( (0.6408251748378084, 3.7654482234110915e-10, -0.7676868471545493, 0), (3.7654482234110915e-10, 1, 8.048128299217021e-10, 0), (0.7676868471545493, -8.048128299217021e-10, 0.6408251748378084, 0), (0.029426715685880324, -3.0849816450856653e-11, 0.5726321337717901, 1) ),
            }
            uniform token[] xformOpOrder = ["xformOp:transform"]
        }

        def Cylinder "link_4"
        {
            uniform token axis = "Z"
            double height = 0.05000000000000003
            color3f[] primvars:displayColor = [(0.15, 0.45, 0.85)]
            double radius = 0.028
            matrix4d xformOp:transform.timeSamples = {
                0: ( (0.6408251748378085, 3.765448261707603e-10, -0.7676868471545493, 0), (3.765448261707603e-10, 1, 8.048128381070555e-10, 0), (0.7676868471545493, -8.048128381070555e-10, 0.6408251748378085, 0), (0.1445797427590627, -1.5157174248067322e-10, 0.6687559099974614, 1) ),
                1: ( (0.6407746441377726, 0.00001338820019037568, -0.7677290246244876, 0), (0.00001338820019037568, 0.9999999995010266, 0.000028612985430729407, 0), (0.7677290246244876, -0.000028612985430729407, 0.6407746436387992, 0), (0.14459766063981427, -0.000005389102957554894, 0.6687434510753145, 1) ),
                2: ( (0.6404312114023993, 0.00010446607642760818, -0.7680155288459305, 0), (0.00010446607642760818, 0.9999999696493092, 0.00022313273976567902, 0), (0.7680155288459305, -0.00022313273976567902, 0.6404311810517085, 0), (0.14471939439117917, -0.00004204554954280305, 0.668658761574979, 1) ),
                3: ( (0.6395295261338223, 0.0003443163531683066, -0.7687664578071144, 0), (0.0003443163531683066, 0.9999996711138369, 0.000734314964416559, 0), (0.7687664578071144, -0.000734314964416559, 0.6395291972476591, 0), (0.1450386309159161, -0.00013853887096459337, 0.66843630706297, 1) ),
                4: ( (0.6378326424096443, 0.0007985381419657012, -0.7701745793088516, 0), (0.0007985381419657012, 0.9999982393135362, 0.001698148009921266, 0), (0.7701745793088516, -0.001698148009921266, 0.6378308817231805, 0), (0.14563792936541448, -0.0003211151946132404, 0.6680172695624986, 1) ),
                5: ( (0.6351300103733308, 0.0015296605723199171, -0.7724037351422547, 0), (0.0015296605723199171, 0.9999935871364238, 0.0032381822927357107, 0), (0.7724037351422547, -0.0032381822927357107, 0.6351235975097547, 0), (0.14658848277458458, -0.0006145493705467792, 0.6673487850055444, 1) ),
                6: ( (0.6312354592297413, 0.0025998413857196657, -0.7755868976689761, 0), (0.0025998413857196657, 0.9999816707560418, 0.005467995677051693, 0), (0.7755868976689761, -0.005467995677051693, 0.6312171299857832, 0), (0.14794978730145053, -0.001043066611641406, 0.66638313162555, 1) ),
                7: ( (0.6259853865746083, 0.004073608726414514, -0.7798241478096086, 0), (0.004073608726414514, 0.999955631979446, 0.008493514262697842, 0), (0.7798241478096086, -0.008493514262697842, 0.6259410185540544, 0), (0.1497692803134842, -0.001631223554732932, 0.6650769417419597, 1) ),
                8: ( (0.6192373552027022, 0.006020457449523718, -0.7851807766455194, 0), (0.006020457449523718, 0.9999048070802197, 0.01241494542747194, 0), (0.7851807766455194, -0.01241494542747194, 0.6191421622829218, 0), (0.15208199158131902, -0.00240465594948681, 0.6633904971415503, 1) ),
                9: ( (0.6108692722913867, 0.0085171495598596, -0.7916856638423907, 0), (0.0085171495598596, 0.9998135797780551, 0.017328123232641646, 0), (0.7916856638423907, -0.017328123232641646, 0.6106828520694418, 0), (0.15491024034273732, -0.003390618091565547, 0.6612871558512976, 1) ),
                10: ( (0.6007792866196489, 0.011649592002801733, -0.7993300543423563, 0), (0.011649592002801733, 0.9996600552293927, 0.02332511489651604, 0), (0.7993300543423563, -0.02332511489651604, 0.6004393418490417, 0), (0.1582634048241251, -0.004618257603830144, 0.6587329454822597, 1) ),
                11: ( (0.5888864883010758, 0.015514176370882881, -0.8080668377231923, 0), (0.015514176370882881, 0.9994145420629154, 0.030493990304751174, 0), (0.8080668377231923, -0.030493990304751174, 0.5883010303639913, 0), (0.16213778915074273, -0.006118588140960453, 0.6556963456333493, 1) ),
                12: ( (0.575132434174513, 0.020218468184337392, -0.8178104283419101, 0), (0.020218468184337392, 0.9990378497004665, 0.03891771332114792, 0), (0.8178104283419101, -0.03891771332114792, 0.5741702838749795, 0), (0.16651661418528063, -0.007924141866483516, 0.65214826930091, 1) ),
                13: ( (0.5594834527682173, 0.025881133409881126, -0.828437344047197, 0), (0.025881133409881126, 0.9984794372179903, 0.048672172606791374, 0), (0.828437344047197, -0.048672172606791374, 0.5579628899862076, 0), (0.17137016217805778, -0.010068302899572168, 0.6480622411122621, 1) ),
                14: ( (0.5419336084097577, 0.03263099254800942, -0.8397875817141566, 0), (0.03263099254800942, 0.9976754861430203, 0.05982342914460882, 0), (0.8397875817141566, -0.05982342914460882, 0.539609094552778, 0), (0.17665610856381925, -0.012584342069048493, 0.643414758775014, 1) ),
                15: ( (0.5225081281207244, 0.04060510365869295, -0.8516668841775188, 0), (0.04060510365869295, 0.9965470104514155, 0.07242431578698702, 0), (0.8516668841775188, -0.07242431578698702, 0.5190551385721399, 0), (0.18232007623166097, -0.015504191862598092, 0.6381858137024463, 1) ),
                16: ( (0.5012670219391202, 0.049945800108945365, -0.8638499810544438, 0), (0.049945800108945365, 0.9949981592189434, 0.08651057855772022, 0), (0.8638499810544438, -0.08651057855772022, 0.4962651811580636, 0), (0.1882964467644905, -0.01885701789340248, 0.6323595376356377, 1) ),
                17: ( (0.47830856290377566, 0.060796650196726636, -0.8760848623151652, 0), (0.060796650196726636, 0.9929149063750852, 0.10209679732005705, 0), (0.8760848623151652, -0.10209679732005705, 0.47122346927886083, 0), (0.19450945846540862, -0.022667658821655133, 0.6259249345324258, 1) ),
                18: ( (0.45377224375950886, 0.07329736562181288, -0.8880981066224402, 0), (0.07329736562181288, 0.9901643522400346, 0.11917236150204873, 0), (0.8880981066224402, -0.11917236150204873, 0.4439365959995435, 0), (0.20087461187452402, -0.026955019591176375, 0.6188766513220785, 1) ),
                19: ( (0.4278408006857727, 0.08757776285516075, -0.8996012365052876, 0), (0.08757776285516075, 0.9865948768176626, 0.13769780132749562, 0), (0.8996012365052876, -0.13769780132749562, 0.41443567750343524, 0), (0.2073003898644415, -0.031730512076167526, 0.6112157376019927, 1) ),
                20: ( (0.4007408969534184, 0.10375097159615478, -0.9102980113137806, 0), (0.10375097159615478, 0.9820373790695518, 0.15760178299454367, 0), (0.9102980113137806, -0.15760178299454367, 0.3827782760229702, 0), (0.21369028177958066, -0.03699664175742061, 0.6029503432059027, 1) ),
                21: ( (0.3727420970031273, 0.12190618043915877, -0.9198925004001536, 0), (0.12190618043915877, 0.9763078045597158, 0.17877906456440318, 0), (0.9198925004001536, -0.17877906456440318, 0.3490499015628431, 0), (0.21994508050061243, -0.04274583794338678, 0.5940963039596279, 1) ),
                22: ( (0.34415383714310765, 0.14210130168435448, -0.9280977084549275, 0), (0.14210130168435448, 0.9692111030238747, 0.20108967610212147, 0), (0.9280977084549275, -0.20108967610212147, 0.31336494016698235, 0), (0.22596539930926896, -0.04895961766033621, 0.5846775699189919, 1) ),
                23: ( (0.3153202123870371, 0.1643560132516802, -0.9346444589084169, 0), (0.1643560132516802, 0.9605466678282368, 0.22435953251886662, 0), (0.9346444589084169, -0.22435953251886662, 0.27586688021527395, 0), (0.2316543339100899, -0.055608159409341724, 0.5747264368870626, 1) ),
                24: ( (0.2866125449609298, 0.18864568381147667, -0.9392901868167896, 0), (0.18864568381147667, 0.9501151950888306, 0.24838261219460128, 0), (0.9392901868167896, -0.24838261219460128, 0.23672774004976038, 0), (0.23692017603892554, -0.06265034281427159, 0.5642835508182762, 1) ),
                25: ( (0.2584198690439371, 0.21489669672994297, -0.9418272564636645, 0), (0.21489669672994297, 0.9377267697208879, 0.2729247425269244, 0), (0.9418272564636645, -0.2729247425269244, 0.19614663876482497, 0), (0.2416790708346803, -0.07003428466210049, 0.5533976654615114, 1) ),
                26: ( (0.23113764441968987, 0.24298365151857262, -0.9420904067162652, 0), (0.24298365151857262, 0.9232098509222277, 0.297728930832828, 0), (0.9420904067162652, -0.297728930832828, 0.1543474953419176, 0), (0.2458575023896699, -0.0776983724723901, 0.5421251457461602, 1) ),
                27: ( (0.20515518184074577, 0.27272883515092955, -0.9399629428020594, 0), (0.27272883515092955, 0.9064207052452847, 0.32252207301184477, 0), (0.9399629428020594, -0.32252207301184477, 0.1115758870860305, 0), (0.249394491949323, -0.08557276556185453, 0.5305292223166784, 1) ),
                28: ( (0.18084240675863605, 0.3039042226715559, -0.9353813379366414, 0), (0.3039042226715559, 0.88725273705619, 0.3470227716284578, 0), (0.9353813379366414, -0.3470227716284578, 0.06809514381482606, 0), (0.2522434017407161, -0.09358130299044193, 0.5186790155204395, 1) ),
                29: ( (0.158536688469066, 0.3362360959624899, -0.928337980576668, 0), (0.3362360959624899, 0.8656451081361964, 0.37094990838626196, 0), (0.928337980576668, -0.37094990838626196, 0.02418179660526243, 0), (0.2543732541979563, -0.10164373031687501, 0.5066483592574214, 1) ),
                30: ( (0.13853050505742437, 0.36941217596108944, -0.9188818985159236, 0), (0.36941217596108944, 0.8415900312785847, 0.3940315514069959, 0), (0.9188818985159236, -0.3940315514069959, -0.01987946366399096, 0), (0.25576950040578644, -0.10967813514473959, 0.4945144656335524, 1) ),
                31: ( (0.12106069292145338, 0.40309096575187287, -0.9071174025221874, 0), (0.40309096575187287, 0.8151381723832073, 0.41601374166364646, 0), (0.9071174025221874, -0.41601374166364646, -0.06380113469533932, 0), (0.25643420111732584, -0.11760346698313662, 0.48235647963017014, 1) ),
                32: ( (0.10629994239676899, 0.4369128203264529, -0.8932007107480538, 0), (0.4369128203264529, 0.7864017005016637, 0.4366686992245681, 0), (0.8932007107480538, -0.4366686992245681, -0.10729835710156732, 0), (0.25638561633720475, -0.1253420113068359, 0.4702539784600305, 1) ),
                33: ( (0.09435105505951347, 0.4705121130815082, -0.87733473079135, 0), (0.4705121130815082, 0.75555467734689, 0.4558020195027783, 0), (0.87733473079135, -0.4558020195027783, -0.15009426759359656, 0), (0.2556572324720923, -0.1328216913927054, 0.45828547256676894, 1) ),
                34: ( (0.08524428754228652, 0.5035297753859136, -0.859762279203513, 0), (0.5035297753859136, 0.7228306626050076, 0.4732584901486893, 0), (0.859762279203513, -0.4732584901486893, -0.19192504985270586, 0), (0.2542962866653003, -0.1399780841619721, 0.446526964204278, 1) ),
                35: ( (0.07893789032750453, 0.5356254540589764, -0.8407580998329771, 0), (0.5356254540589764, 0.6885176102424878, 0.4889262453070903, 0), (0.8407580998329771, -0.4889262453070903, -0.23254449943000766, 0), (0.2523618736388002, -0.14675605666052166, 0.4350506153048877, 1) ),
                36: ( (0.07532172985252894, 0.5664885654209888, -0.8206200961829372, 0), (0.5664885654209888, 0.6529503232496745, 0.5027390780667599, 0), (0.8206200961829372, -0.5027390780667599, -0.27172794689779645, 0), (0.24992273918265634, -0.15311095605511255, 0.42392356923540075, 1) ),
                37: ( (0.07422368008101976, 0.5958476192503123, -0.7996602153095811, 0), (0.5958476192503123, 0.6165009001339157, 0.5146768449889764, 0), (0.7996602153095811, -0.5146768449889764, -0.3092754197850647, 0), (0.24705487510568502, -0.15900931573707625, 0.41320696156716047, 1) ),
                38: ( (0.07541830421747675, 0.6234773303411909, -0.7781954111529968, 0), (0.6234773303411909, 0.5795677296851734, 0.5247640091109481, 0), (0.7781954111529968, -0.5247640091109481, -0.3450139660973499, 0), (0.24383903257165426, -0.16442907074002167, 0.4029551438162743, 1) ),
                39: ( (0.07863723202435102, 0.6492032132659616, -0.7565390760725442, 0), (0.6492032132659616, 0.5425636603041153, 0.5330664709044746, 0), (0.7565390760725442, -0.5330664709044746, -0.3787991076715338, 0), (0.2403582647027213, -0.1693593047208537, 0.3932151319966294, 1) ),
                40: ( (0.08358058023633796, 0.6729035486476849, -0.7349932658363003, 0), (0.6729035486476849, 0.5059039823714988, 0.539686922982215, 0), (0.7349932658363003, -0.539686922982215, -0.4105154373921631, 0), (0.236695596276745, -0.17379957609909313, 0.3840262795495235, 1) ),
                41: ( (0.08992876293817609, 0.6945087979101159, -0.7138419623571141, 0), (0.6945087979101159, 0.46999481938160936, 0.5447590287272845, 0), (0.7138419623571141, -0.5447590287272845, -0.44007641768021455, 0), (0.23293189997114172, -0.17775889101403075, 0.37542016251149013, 1) ),
                42: ( (0.0973540892946142, 0.7139987114947216, -0.6933455280605002, 0), (0.7139987114947216, 0.4352224344341885, 0.5484407648498204, 0), (0.6933455280605002, -0.5484407648498204, -0.4674234762711973, 0), (0.2291440369342302, -0.18125440460909514, 0.36742065430950843, 1) ),
                43: ( (0.1055316366681256, 0.7313975103073131, -0.6737364140213968, 0), (0.7313975103073131, 0.4019438361228471, 0.550907283051435, 0), (0.6737364140213968, -0.550907283051435, -0.4925245272090273, 0), (0.2254032966055446, -0.1843099395245894, 0.3600441588563781, 1) ),
                44: ( (0.11414900397438166, 0.746767614027824, -0.6552160983453074, 0), (0.746767614027824, 0.37047892719795306, 0.5523436386358086, 0), (0.6552160983453074, -0.5523436386358086, -0.5153720688276653, 0), (0.2217741486373503, -0.18695441171708826, 0.35329996403461517, 1) ),
                45: ( (0.12291467827035307, 0.7602024403461561, -0.6379531578081925, 0), (0.7602024403461561, 0.34110429625182404, 0.55293770785713, 0), (0.6379531578081925, -0.55293770785713, -0.535981025477823, 0), (0.21831330015831424, -0.18922024964810624, 0.34719067342421706, 1) ),
                46: ( (0.13156487320630172, 0.7718188081723313, -0.6220823189013267, 0), (0.7718188081723313, 0.3140486211699831, 0.5528735758676432, 0), (0.6220823189013267, -0.5528735758676432, -0.5543865056237152, 0), (0.21506903570377162, -0.19114188462702575, 0.34171267231918634, 1) ),
                47: ( (0.13986880973840077, 0.7817494508446841, -0.6077042966496109, 0), (0.7817494508446841, 0.28948954436811425, 0.5523256284164051, 0), (0.6077042966496109, -0.5523256284164051, -0.5706416458934851, 0), (0.21208080566192694, -0.192754378911065, 0.3368565846319036, 1) ),
                48: ( (0.14763249945959822, 0.7901360898259987, -0.5948862115209874, 0), (0.7901360898259987, 0.26755180124805045, 0.5514535276915046, 0), (0.5948862115209874, -0.5514535276915046, -0.5848156992923514, 0), (0.20937902230506286, -0.1940922452707605, 0.3326076800429018, 1) ),
                49: ( (0.15470115496581405, 0.7971234435205589, -0.583662375386807, 0), (0.7971234435205589, 0.24830633811598757, 0.5503981997075895, 0), (0.583662375386807, -0.5503981997075895, -0.5969925069181983, 0), (0.20698502019037734, -0.19518849815138856, 0.3289461954816374, 1) ),
                50: ( (0.16096038950009084, 0.8028544573615873, -0.5740352544109207, 0), (0.8028544573615873, 0.2317701433412378, 0.5492789099812713, 0), (0.5740352544109207, -0.5492789099812713, -0.6072694671586714, 0), (0.20491113934427493, -0.19607396304874486, 0.32584754143899136, 1) ),
                51: ( (0.1663363826999239, 0.8074669465929432, -0.5659764464623718, 0), (0.8074669465929432, 0.21790653171152696, 0.5481914570634268, 0), (0.5659764464623718, -0.5481914570634268, -0.615757085588549, 0), (0.2031608943042344, -0.19677685769976905, 0.3232823714051876, 1) ),
                52: ( (0.1707951862483389, 0.8110917468681679, -0.5594275489433276, 0), (0.8110917468681679, 0.20662565999685345, 0.5472074696065549, 0), (0.5594275489433276, -0.5472074696065549, -0.6225791537548075, 0), (0.20172919868510225, -0.197322646277857, 0.321216501575563, 1) ),
                53: ( (0.17434133006567876, 0.8138523728579596, -0.5543008351287222, 0), (0.8138523728579596, 0.19778510306296448, 0.5463747506975788, 0), (0.5543008351287222, -0.5463747506975788, -0.6278735668713566, 0), (0.20060262222736275, -0.19773415582767978, 0.3196106775448535, 1) ),
                54: ( (0.17701587482219538, 0.815866093025197, -0.5504796983656468, 0), (0.815866093025197, 0.19119037490013635, 0.5457185710577807, 0), (0.5504796983656468, -0.5457185710577807, -0.6317937502776683, 0), (0.19975966397857506, -0.19803193234014724, 0.3184201946917914, 1) ),
                55: ( (0.17889404855754043, 0.8172462401989129, -0.5478188589957755, 0), (0.8172462401989129, 0.18659532798909095, 0.5452437679179696, 0), (0.5478188589957755, -0.5452437679179696, -0.6345106234533686, 0), (0.1991710300770669, -0.198234801734273, 0.31759438901920706, 1) ),
                56: ( (0.18008261187839236, 0.818105492722227, -0.5461443542478298, 0), (0.818105492722227, 0.18370239865798565, 0.5449374565076485, 0), (0.5461443542478298, -0.5449374565076485, -0.636214989463622, 0), (0.19879990637376582, -0.19836058816808527, 0.3170760250588657, 1) ),
                57: ( (0.18071712381106175, 0.8185597798030897, -0.5452533429977067, 0), (0.8185597798030897, 0.18216267838025457, 0.5447721041812341, 0), (0.5452533429977067, -0.5447721041812341, -0.6371201978086836, 0), (0.19860221388055738, -0.19842692821640845, 0.31680061682102767, 1) ),
                58: ( (0.1809593327718262, 0.8187323871257646, -0.5449137529500636, 0), (0.8187323871257646, 0.18157577694257543, 0.5447086519406935, 0), (0.5449137529500636, -0.5447086519406935, -0.6374648902855984, 0), (0.19852682816112974, -0.19845210431240612, 0.3166957265110907, 1) ),
                59: ( (0.18099499500592997, 0.818757763943542, -0.5448637772553564, 0), (0.818757763943542, 0.18148940246991208, 0.5446992938982806, 0), (0.5448637772553564, -0.5446992938982806, -0.637515602524158, 0), (0.19851573220327462, -0.19845580431775872, 0.31668029387317975, 1) ),
                60: ( (0.18099499500592997, 0.818757763943542, -0.5448637772553564, 0), (0.818757763943542, 0.18148940246991208, 0.5446992938982806, 0), (0.5448637772553564, -0.5446992938982806, -0.637515602524158, 0), (0.19851573220327462, -0.19845580431775872, 0.31668029387317975, 1) ),
                61: ( (0.1806507337190203, 0.818676058494471, -0.5451007463347828, 0), (0.818676058494471, 0.18199659615951835, 0.544652871317417, 0), (0.5451007463347828, -0.544652871317417, -0.6373526701214614, 0), (0.19857942072467544, -0.19841626049768332, 0.3167298080935308, 1) ),
                62: ( (0.1783872845081539, 0.818132397285918, -0.5466601844263068, 0), (0.818132397285918, 0.18533317843296448, 0.544344554012559, 0), (0.5466601844263068, -0.544344554012559, -0.6362795370588816, 0), (0.19899826722755293, -0.19815531862254554, 0.31705587242651395, 1) ),
                63: ( (0.17268544648459316, 0.8167128318371161, -0.5505995703639944, 0), (0.8167128318371161, 0.193753032805823, 0.5435438460613313, 0), (0.5505995703639944, -0.5435438460613313, -0.6335615207095837, 0), (0.20005423006581624, -0.19749061111494637, 0.31788130125285263, 1) ),
                64: ( (0.16246310290131716, 0.8139860908187471, -0.5577027740197199, 0), (0.8139860908187471, 0.2089024873511719, 0.5420206589532434, 0), (0.5577027740197199, -0.5420206589532434, -0.628634409747511, 0), (0.2019506221486459, -0.19627194698005213, 0.31937607814432045, 1) ),
                65: ( (0.1470801762859174, 0.8094323361213094, -0.5684951318920008, 0), (0.8094323361213094, 0.231837872045484, 0.5395094941950713, 0), (0.5684951318920008, -0.5395094941950713, -0.6210819516685986, 0), (0.20481309845735637, -0.1943703735606403, 0.3216635758665052, 1) ),
                66: ( (0.12634223343402973, 0.8024026846859129, -0.5832560086786428, 0), (0.8024026846859129, 0.2630408690557401, 0.5356859460684411, 0), (0.5832560086786428, -0.5356859460684411, -0.6106168975102302, 0), (0.20869125256647453, -0.19167050043864114, 0.3248259412963452, 1) ),
                67: ( (0.10049789371036855, 0.792124575921018, -0.6020289275290074, 0), (0.792124575921018, 0.3024348254544099, 0.530162081418794, 0), (0.6020289275290074, -0.530162081418794, -0.5970672808352215, 0), (0.21356148767985078, -0.1880677117691963, 0.3289082591844381, 1) ),
                68: ( (0.0702237945778329, 0.7777563520268408, -0.6246308314172392, 0), (0.7777563520268408, 0.3494080192733686, 0.5225027205186231, 0), (0.6246308314172392, -0.5225027205186231, -0.5803681861487986, 0), (0.21933173072322737, -0.18347065215932856, 0.333921444676734, 1) ),
                69: ( (0.036588655131106096, 0.758483989216428, -0.6506637445086599, 0), (0.758483989216428, 0.4028532412850546, 0.5122609726384192, 0), (0.6506637445086599, -0.5122609726384192, -0.5605581035838392, 0), (0.22584861588973282, -0.17780832668351554, 0.3398440920048435, 1) ),
                70: ( (0.0009876057820503714, 0.7336440964290026, -0.6795331959585871, 0), (0.7336440964290026, 0.46123425160658815, 0.4990283608371199, 0), (0.6795331959585871, -0.4990283608371199, -0.5377781426113615, 0), (0.2329077539540248, -0.17104031910902484, 0.3466237045466861, 1) ),
                71: ( (-0.034958857098861706, 0.7028509062984599, -0.7104776434383951, 0), (0.7028509062984599, 0.5226869231600976, 0.482492470275821, 0), (0.7104776434383951, -0.482492470275821, -0.5122719339387642, 0), (0.24026746978263488, -0.16316804067374802, 0.3541778352217124, 1) ),
                72: ( (-0.06953999458096449, 0.6661022816365537, -0.7426115670741045, 0), (0.6661022816365537, 0.5851559999163405, 0.46249346607328967, 0), (0.7426115670741045, -0.46249346607328967, -0.484383994664624, 0), (0.24766588337700837, -0.15424463866411273, 0.3623956720384937, 1) ),
                73: ( (-0.1011135406534398, 0.623841946130021, -0.7749821147260325, 0), (0.623841946130021, 0.6465589066134456, 0.4390703890352136, 0), (0.7749821147260325, -0.4390703890352136, -0.4545546340399942, 0), (0.2548404970520976, -0.14438128836321273, 0.3711405194629459, 1) ),
                74: ( (-0.12826884656857973, 0.5769625730650894, -0.8066357866361237, 0), (0.5769625730650894, 0.7049587855498279, 0.4124891513218539, 0), (0.8066357866361237, -0.4124891513218539, -0.4233100610187517, 0), (0.2615486983256181, -0.1337480959673039, 0.3802534716153984, 1) ),
                75: ( (-0.14997020817516615, 0.5267459055882335, -0.8366885248441795, 0), (0.5267459055882335, 0.7587230981450741, 0.38324667159307724, 0), (0.8366885248441795, -0.38324667159307724, -0.39124711003009205, 0), (0.267587009926069, -0.12256870731531594, 0.38955837735610166, 1) ),
                76: ( (-0.16565684294086158, 0.4747490809143008, -0.8643906064724988, 0), (0.4747490809143008, 0.8066440469217852, 0.352049274586203, 0), (0.8643906064724988, -0.352049274586203, -0.35901279601907654, 0), (0.27280671209854523, -0.11110880240644488, 0.3988679952567798, 1) ),
                77: ( (-0.17528283567739922, 0.42265730740138235, -0.8891775570813197, 0), (0.42265730740138235, 0.8480032260516899, 0.31976761735069437, 0), (0.8891775570813197, -0.31976761735069437, -0.32727960962570934, 0), (0.2771237387307569, -0.09965973268165407, 0.4079910638927866, 1) ),
                78: ( (-0.17929158833070002, 0.3721289115986412, -0.9107000601220283, 0), (0.3721289115986412, 0.8825736330031752, 0.28737406890669087, 0), (0.9107000601220283, -0.28737406890669087, -0.296717955327525, 0), (0.28052148789897524, -0.08851937638225885, 0.4167398994860414, 1) ),
                79: ( (-0.17853162482921503, 0.32465801865990174, -0.9288291715141528, 0), (0.32465801865990174, 0.910564276036761, 0.2558708074897878, 0), (0.9288291715141528, -0.2558708074897878, -0.2679673487924539, 0), (0.2830462384518848, -0.07797264751231739, 0.4249380965429983, 1) ),
                80: ( (-0.17413052793856587, 0.2814733637860598, -0.9436372739134445, 0), (0.2814733637860598, 0.932522617685327, 0.22621740203677101, 0), (0.9436372739134445, -0.22621740203677101, -0.2416079102532389, 0), (0.28479599139956024, -0.0682739131506632, 0.43242795005276063, 1) ),
                81: ( (-0.16734891502833182, 0.24348135441749233, -0.9553591841238895, 0), (0.24348135441749233, 0.9492155522776686, 0.1992653140042791, 0), (0.9553591841238895, -0.1992653140042791, -0.2181333627506632, 0), (0.2859045126459161, -0.05963291444136155, 0.43907732618684947, 1) ),
                82: ( (-0.15943612393224282, 0.21125069034454824, -0.9643408464927814, 0), (0.21125069034454824, 0.9615098639330852, 0.17570409041434293, 0), (0.9643408464927814, -0.17570409041434293, -0.19792625999915758, 0), (0.2865229612348148, -0.05220483656756936, 0.4447858552544379, 1) ),
                83: ( (-0.15150486872499225, 0.18502739346881572, -0.9709846231628795, 0), (0.18502739346881572, 0.9702692213783074, 0.15602083742907283, 0), (0.9709846231628795, -0.15602083742907283, -0.18123564734668496, 0), (0.2868016727076411, -0.046084187210036646, 0.4494904716828545, 1) ),
                84: ( (-0.14443572688643935, 0.16476461689985122, -0.9757002315345791, 0), (0.16476461689985122, 0.9762788085478491, 0.14047173736462976, 0), (0.9757002315345791, -0.14047173736462976, -0.16815691833859026, 0), (0.28687446500213987, -0.04130136818868949, 0.4531704472657895, 1) ),
                85: ( (-0.138816101494033, 0.15015136460810447, -0.9788690707506914, 0), (0.15015136460810447, 0.9802027454089399, 0.12906256466962465, 0), (0.9788690707506914, -0.12906256466962465, -0.15861335608509308, 0), (0.2868473427399852, -0.037820434651488044, 0.4558521304680319, 1) ),
                86: ( (-0.13491357288661088, 0.14062752158198466, -0.9808273181476327, 0), (0.14062752158198466, 0.9825747966199825, 0.12153464206105417, 0), (0.9808273181476327, -0.12153464206105417, -0.1523387762666284, 0), (0.2867927940554367, -0.03553659133092246, 0.4576136057005492, 1) ),
                87: ( (-0.13268036225948077, 0.13537815275781007, -0.9818699899816553, 0), (0.13537815275781007, 0.9838195797730989, 0.11735327098537184, 0), (0.9818699899816553, -0.11735327098537184, -0.1488607824863819, 0), (0.2867500490435937, -0.03427241544586794, 0.4585894303768394, 1) ),
                88: ( (-0.13178284137451568, 0.13330658136111864, -0.9822742173573888, 0), (0.13330658136111864, 0.9842985385671631, 0.115696768927911, 0), (0.9822742173573888, -0.115696768927911, -0.1474843028073527, 0), (0.2867306721865842, -0.03377245553055776, 0.4589755208985409, 1) ),
                89: ( (-0.13164578850182163, 0.13299210963027985, -0.9823352203529208, 0), (0.13299210963027985, 0.984370638406804, 0.115444986979378, 0), (0.9823352203529208, -0.115444986979378, -0.14727515009501757, 0), (0.28672760594235086, -0.03369650608959205, 0.4590341809553852, 1) ),
                90: ( (-0.13164578850182163, 0.13299210963027985, -0.9823352203529208, 0), (0.13299210963027985, 0.984370638406804, 0.115444986979378, 0), (0.9823352203529208, -0.115444986979378, -0.14727515009501757, 0), (0.28672760594235086, -0.03369650608959204, 0.4590341809553852, 1) ),
                91: ( (-0.1319453471789136, 0.13262445433056758, -0.982344735554355, 0), (0.13262445433056758, 0.9844610467013115, 0.11509648839681103, 0), (0.982344735554355, -0.11509648839681103, -0.14748430047760208, 0), (0.2867512567776576, -0.03359723069097109, 0.4589755215398631, 1) ),
                92: ( (-0.1339108530184705, 0.1301993365962011, -0.9824031841325513, 0), (0.1301993365962011, 0.9850500881925903, 0.11280273268710855, 0), (0.9824031841325513, -0.11280273268710855, -0.14886076482588018, 0), (0.28690576550438684, -0.03294345427143376, 0.45858943523837614, 1) ),
                93: ( (-0.13883075290535984, 0.12402938444000855, -0.982518566665874, 0), (0.12402938444000855, 0.9864920330213055, 0.1070055165910811, 0), (0.982518566665874, -0.1070055165910811, -0.15233871988405445, 0), (0.287287312774946, -0.03128829149546323, 0.45761362122172133, 1) ),
                94: ( (-0.14753578236900222, 0.11274647408956741, -0.9826094979701436, 0), (0.11274647408956741, 0.9889225524685714, 0.09654231092850515, 0), (0.9826094979701436, -0.09654231092850515, -0.1586132299004308, 0), (0.28794343483000645, -0.028290714340342055, 0.4558521652058578, 1) ),
                95: ( (-0.1603430997591908, 0.09521786090348815, -0.9824579631335778, 0), (0.09521786090348815, 0.9921864136246275, 0.08062059032073485, 0), (0.9824579631335778, -0.08062059032073485, -0.16815668613456336, 0), (0.288861365000445, -0.023703990034251252, 0.45317051119376583, 1) ),
                96: ( (-0.17701274594692462, 0.07049797755103686, -0.9816804586694913, 0), (0.07049797755103686, 0.9957774757699942, 0.058798417583741366, 0), (0.9816804586694913, -0.058798417583741366, -0.18123527017693042, 0), (0.2899609197831591, -0.017367406159315226, 0.4494905755295776, 1) ),
                97: ( (-0.19672970727992878, 0.03783223717145758, -0.9797275866811939, 0), (0.03783223717145758, 0.9988040088244733, 0.030972145336802183, 0), (0.9797275866811939, -0.030972145336802183, -0.19792569845545538, 0), (0.29109463241583505, -0.009202379706880733, 0.44478600988107575, 1) ),
                98: ( (-0.21812372433977556, -0.003284230623839744, -0.975915598148403, 0), (-0.003284230623839744, 0.9999911452584208, -0.002631203899635935, 0), (0.975915598148403, 0.002631203899635935, -0.21813257908135486, 0), (0.29205629706072456, 0.0007874243112799943, 0.439077542005348, 1) ),
                99: ( (-0.2393400118456217, -0.053003852621021176, -0.9694879835960151, 0), (-0.053003852621021176, 0.9977331415383844, -0.04146287355303683, 0), (0.9694879835960151, 0.04146287355303683, -0.24160687030723715, 0), (0.292597894989025, 0.012513769873469685, 0.4324282364915749, 1) ),
                100: ( (-0.258172522404684, -0.11100411829885755, -0.9597004920264951, 0), (-0.11100411829885755, 0.9902064986638267, -0.08467098514023648, 0), (0.9597004920264951, 0.08467098514023648, -0.2679660237408572, 0), (0.29245377547984386, 0.025802163782965192, 0.42493846157335835, 1) ),
                101: ( (-0.2722639074708748, -0.17638006079968557, -0.9459188331146547, 0), (-0.17638006079968557, 0.9755475843769363, -0.13113727452034146, 0), (0.9459188331146547, 0.13113727452034146, -0.29671632309393847, 0), (0.29136984559525636, 0.04039400220308678, 0.4167403492275834, 1) ),
                102: ( (-0.27936218718249206, -0.24759087001621322, -0.9277152200202549, 0), (-0.24759087001621322, 0.952084531237876, -0.17953775776189432, 0), (0.9277152200202549, 0.17953775776189432, -0.327277655944616, 0), (0.28913446790448427, 0.055955268318348954, 0.4079916023207226, 1) ),
                103: ( (-0.2776060609624047, -0.32249468821215277, -0.9049486454997788, 0), (-0.32249468821215277, 0.9185955459175659, -0.22842810487187332, 0), (0.9049486454997788, 0.22842810487187332, -0.35901051504483883, 0), (0.2856070195228426, 0.07209322930327873, 0.39886862403196033, 1) ),
                104: ( (-0.26579456858056805, -0.3984894571259596, -0.8778151285279427, 0), (-0.3984894571259596, 0.874550064139863, -0.27634821850777247, 0), (0.8778151285279427, 0.27634821850777247, -0.39124450444070513, 0), (0.2807399264948328, 0.08838077179297602, 0.3895590957935058, 1) ),
                105: ( (-0.24358943059914617, -0.4727526265270139, -0.8468583963167593, 0), (-0.4727526265270139, 0.8202822890023171, -0.3219346524699208, 0), (0.8468583963167593, 0.3219346524699208, -0.42330714159682903, 0), (0.2745906548077255, 0.1043861021057266, 0.380254276796081, 1) ),
                106: ( (-0.21160499155870283, -0.5425450247515574, -0.8129380195714636, 0), (-0.5425450247515574, 0.757053572795217, -0.36402580133189594, 0), (0.8129380195714636, 0.36402580133189594, -0.4545514187634858, 0), (0.2673215939581615, 0.11970403045638946, 0.37114140648078586, 1) ),
                107: ( (-0.17136164484361682, -0.6055231537293484, -0.7771595054904463, 0), (-0.6055231537293484, 0.6869811374511183, -0.4017444798426381, 0), (0.7771595054904463, 0.4017444798426381, -0.4843805073924985, 0), (0.25918773261282024, 0.1339843881268854, 0.3623966343585847, 1) ),
                108: ( (-0.12510849212276476, -0.6599974835680145, -0.7407774206080101, 0), (-0.6599974835680145, 0.6128402893002234, -0.434545856606995, 0), (0.7407774206080101, 0.434545856606995, -0.5122682028225414, 0), (0.2505140298465995, 0.1469534986668623, 0.3541788651146948, 1) ),
                109: ( (-0.0755502223628075, -0.7050851723020072, -0.7050865646860528, 0), (-0.7050851723020072, 0.5377760239703127, -0.4622248888176951, 0), (0.7050865646860528, 0.4622248888176951, -0.5377741983924949, 0), (0.24166592521963254, 0.1584259451396685, 0.34662479355527565, 1) ),
                110: ( (-0.025532041323742094, -0.7407308140034748, -0.671316598969214, 0), (-0.7407308140034748, 0.464978063380624, -0.4848847922553915, 0), (0.671316598969214, 0.4848847922553915, -0.5605539779431181, 0), (0.23301714164286222, 0.1683057867047107, 0.33984523139706324, 1) ),
                111: ( (0.022260795073245854, -0.7676000262224068, -0.6405424706809595, 0), (-0.7676000262224068, 0.3973752946719783, -0.5028748103929239, 0), (0.6405424706809595, 0.5028748103929239, -0.5803639102547757, 0), (0.22491871248704, 0.17657838484230104, 0.3339226258455633, 1) ),
                112: ( (0.06554516077681627, -0.7868781952330599, -0.6136175826730388, 0), (-0.7868781952330599, 0.3373919550269949, -0.5167101455843737, 0), (0.6136175826730388, 0.5167101455843737, -0.5970628841961889, 0), (0.21767218422998386, 0.1832956375095824, 0.3289094739651888, 1) ),
                113: ( (0.10260265272786373, -0.8000233139047342, -0.5911306055873713, 0), (-0.8000233139047342, 0.28678494009742017, -0.5269887051372222, 0), (0.5911306055873713, 0.5269887051372222, -0.6106124071747161, 0), (0.21150857959343522, 0.1885583852905124, 0.3248271821893668, 1) ),
                114: ( (0.13236460263074235, -0.8085251660838051, -0.5733817818692544, 0), (-0.8085251660838051, 0.24655800561738683, -0.5343184496862635, 0), (0.5733817818692544, 0.5343184496862635, -0.6210773917518708, 0), (0.2065733778279748, 0.19249995461604463, 0.3216648361712995, 1) ),
                115: ( (0.15443827481700112, -0.8137151794639772, -0.5603716855636588, 0), (-0.8137151794639772, 0.21693192398604366, -0.5392663044040681, 0), (0.5603716855636588, 0.5392663044040681, -0.6286298011969551, 0), (0.20291681174567533, 0.19527431879695764, 0.31937735202883766, 1) ),
                116: ( (0.16909944643938057, -0.8166563456746679, -0.5517950618510393, 0), (-0.8166563456746679, 0.197343672389254, -0.5423355861800145, 0), (0.5517950618510393, 0.5423355861800145, -0.6335568811713654, 0), (0.2004883389108896, 0.19705134808699615, 0.3178825837955691, 1) ),
                117: ( (0.17727332419057684, -0.8181245688805857, -0.5470341473110965, 0), (-0.8181245688805857, 0.18645179512680876, -0.5439741886229036, 0), (0.5470341473110965, 0.5439741886229036, -0.6362748806826144, 0), (0.19913413649290346, 0.19802023485792797, 0.31705715967593157, 1) ),
                118: ( (0.18051718221243762, -0.8186736040373152, -0.5451486741968974, 0), (-0.8186736040373152, 0.18213481063956605, -0.5446103568661201, 0), (0.5451486741968974, 0.5446103568661201, -0.6373480071479962, 0), (0.19859661678080576, 0.1984005088093348, 0.31673109718745385, 1) ),
                119: ( (0.18101051090508846, -0.8187554358315695, -0.544862121309727, 0), (-0.8187554358315695, 0.18147855054333162, -0.5447064089846458, 0), (0.544862121309727, 0.5447064089846458, -0.6375109385515798, 0), (0.1985148646950108, 0.198458132523814, 0.31668158324646417, 1) ),
                120: ( (0.18101051090508846, -0.8187554358315695, -0.544862121309727, 0), (-0.8187554358315695, 0.18147855054333162, -0.5447064089846458, 0), (0.544862121309727, 0.5447064089846458, -0.6375109385515798, 0), (0.1985148646950108, 0.198458132523814, 0.31668158324646417, 1) ),
                121: ( (0.18097484782670215, -0.8187300599797938, -0.5449120968923206, 0), (-0.8187300599797938, 0.18156492589291862, -0.5447157667728948, 0), (0.5449120968923206, 0.5447157667728948, -0.6374602262803792, 0), (0.1985259606912419, 0.19845443241026972, 0.3166970158924085, 1) ),
                122: ( (0.18073263312652155, -0.8185574592185082, -0.5452516861788642, 0), (-0.8185574592185082, 0.18215183329066353, -0.5447792172858568, 0), (0.5452516861788642, 0.5447792172858568, -0.6371155335828149, 0), (0.19860134667149376, 0.1984292555789027, 0.316801906256616, 1) ),
                123: ( (0.1800981061147413, -0.8181031893310402, -0.5461426954379816, 0), (-0.8181031893310402, 0.18369156921683605, -0.5449445650752348, 0), (0.5461426954379816, 0.5449445650752348, -0.6362103246684225, 0), (0.19879903984950803, 0.19836291359950384, 0.3170773146342151, 1) ),
                124: ( (0.1789095143764481, -0.8172439690325313, -0.5478171964675246, 0), (-0.8172439690325313, 0.1865845279977416, -0.5452508679422848, 0), (0.5478171964675246, 0.5452508679422848, -0.6345059576258103, 0), (0.1991701648415962, 0.1982371235301777, 0.3175956788469071, 1) ),
                125: ( (0.17703129527356165, -0.8158638728309052, -0.5504780299913173, 0), (-0.8158638728309052, 0.191179621815746, -0.545725657461462, 0), (0.5504780299913173, 0.545725657461462, -0.6317890829106925, 0), (0.19975880079589384, 0.19803424834188532, 0.31842148489278815, 1) ),
                126: ( (0.17435668491320977, -0.8138502253608477, -0.554299158493113, 0), (-0.8138502253608477, 0.1977744175760967, -0.546381817443199, 0), (0.554299158493113, 0.546381817443199, -0.6278688975106936, 0), (0.2006017620031279, 0.1977364634713564, 0.31961196822243687, 1) ),
                127: ( (0.17081045223950353, -0.8110896959787164, -0.5594258614712854, 0), (-0.8110896959787164, 0.20661506563893028, -0.5472145097931651, 0), (0.5594258614712854, 0.5472145097931651, -0.6225744821215662, 0), (0.2017283424497376, 0.19732494263797462, 0.32121779278228024, 1) ),
                128: ( (0.16635153379266598, -0.8074650175670731, -0.5659747455586991, 0), (-0.8074650175670731, 0.21789605448342897, -0.5481984630094845, 0), (0.5659747455586991, 0.5481984630094845, -0.615752411723905, 0), (0.20316004319729225, 0.19677913952813525, 0.32328366310369144, 1) ),
                129: ( (0.1609753970643315, -0.8028526759253953, -0.5740335376085731, 0), (-0.8028526759253953, 0.23175981135085988, -0.5492858732955419, 0), (0.5740335376085731, 0.5492858732955419, -0.6072647915848086, 0), (0.20491029459969895, 0.19607622680957698, 0.32584883345842663, 1) ),
                130: ( (0.1547159879817267, -0.7971218349763194, -0.5836606404982467, 0), (-0.7971218349763194, 0.24829618121030017, -0.5504051113501466, 0), (0.5836606404982467, 0.5504051113501466, -0.596987830807973, 0), (0.2069841831222495, 0.19519074005378834, 0.32894748747162567, 1) ),
                131: ( (0.14764712473665853, -0.7901346781596276, -0.5948844567868448, 0), (-0.7901346781596276, 0.2675418506243301, -0.5514603780273706, 0), (0.5948844567868448, 0.5514603780273706, -0.5848110246390115, 0), (0.20937819429338797, 0.19409446129988936, 0.3326089714275038, 1) ),
                132: ( (0.1398831921791528, -0.7817482578578204, -0.6077025208784582, 0), (-0.7817482578578204, 0.2894798321496945, -0.5523324072647262, 0), (0.6077025208784582, 0.5523324072647262, -0.5706369756711527, 0), (0.21207998813801762, 0.19275656485942722, 0.3368578745661002, 1) ),
                133: ( (0.13157897613637304, -0.7718178526645203, -0.6220805215944581, 0), (-0.7718178526645203, 0.314039179934435, -0.5528802725495248, 0), (0.6220805215944581, 0.5528802725495248, -0.5543818439291921, 0), (0.21506823013486379, 0.19114403612724623, 0.341713959650473, 1) ),
                134: ( (0.12292846385184042, -0.7602017373742113, -0.6379513392636287, 0), (-0.7602017373742113, 0.3410951585035291, -0.5529443112454301, 0), (0.6379513392636287, 0.5529443112454301, -0.5359763776446305, 0), (0.2183125080311335, 0.18922236220849611, 0.34719195666179137, 1) ),
                135: ( (0.11416243371318546, -0.7467671742700295, -0.6552142597360333, 0), (-0.7467671742700295, 0.37047012478280217, -0.5523501372102396, 0), (0.6552142597360333, 0.5523501372102396, -0.5153674415040124, 0), (0.22177337144050302, 0.18695648076110183, 0.3533012413284421, 1) ),
                136: ( (0.10554467201777784, -0.731397339559449, -0.6737345574438199, 0), (-0.731397339559449, 0.4019353995896012, -0.5509136649622224, 0), (0.6737345574438199, 0.5509136649622224, -0.49251992839262093, 0), (0.22540253581076933, 0.1843119604350178, 0.3600454279880686, 1) ),
                137: ( (0.09736669235007078, -0.7139988103226248, -0.6933436565504031, 0), (-0.7139988103226248, 0.4352143923545103, -0.5484470179929606, 0), (0.6933436565504031, 0.5484470179929606, -0.4674189152954189, 0), (0.22914329397673516, 0.18125637277751439, 0.36742191269650926, 1) ),
                138: ( (0.08994089720353171, -0.6945091614793811, -0.7138400798718372, 0), (-0.6945091614793811, 0.4699871976483405, -0.5447651408339806, 0), (0.7138400798718372, 0.5447651408339806, -0.44007190514812766, 0), (0.23293117622944548, 0.17776080189563032, 0.37542140722555245, 1) ),
                139: ( (0.08359221144141205, -0.6729041667450935, -0.7349913772034512, 0), (-0.6729041667450935, 0.5058968035015123, -0.5396928817244524, 0), (0.7349913772034512, 0.5396928817244524, -0.4105109850570756, 0), (0.23669489305260677, 0.17380142527258835, 0.3840275073497954, 1) ),
                140: ( (0.07864832895728802, -0.6492040705193294, -0.756537186907134, 0), (-0.6492040705193294, 0.5425569427774684, -0.5330722640178351, 0), (0.756537186907134, 0.5330722640178351, -0.37879472826524374, 0), (0.2403575832018911, 0.1693610879527265, 0.3932163393770587, 1) ),
                141: ( (0.07542883953482349, -0.6234784066349213, -0.7781935277464147, 0), (-0.6234784066349213, 0.5795614873554544, -0.5247696245347222, 0), (0.7781935277464147, 0.5247696245347222, -0.3450096731097221, 0), (0.24383837388625865, 0.16443078405189, 0.4029563270663128, 1) ),
                142: ( (0.07423363105373715, -0.5958488903235453, -0.7996583444951835, 0), (-0.5958488903235453, 0.6164951417451969, -0.5146822710223943, 0), (0.7996583444951835, 0.5146822710223943, -0.30927122720106603, 0), (0.24705424019909192, 0.15901095547455585, 0.41320811684408776, 1) ),
                143: ( (0.07533107900675984, -0.5664900036246653, -0.8206182451840832, 0), (-0.5664900036246653, 0.6529450520928459, -0.5027443035388839, 0), (0.8206182451840832, 0.5027443035388839, -0.27172386890039424, 0), (0.249922128877608, 0.15311251895617162, 0.42392469264595445, 1) ),
                144: ( (0.0789466259425955, -0.5356270292382652, -0.840756276100078, 0), (-0.5356270292382652, 0.688512823978072, -0.48893125975655416, 0), (0.840756276100078, 0.48893125975655416, -0.2325405500793325, 0), (0.2523612886094739, 0.14675753992103446, 0.4350517029933442, 1) ),
                145: ( (0.08525240397562117, -0.5035314558462477, -0.8597604902469849, 0), (-0.5035314558462477, 0.7228263532710235, -0.47326328400824824, 0), (0.8597604902469849, 0.47326328400824824, -0.19192124275335543, 0), (0.2542957274337527, 0.13997948549600311, 0.44652801244371776, 1) ),
                146: ( (0.09435855287747719, -0.47051386659087946, -0.877332984017225, 0), (-0.47051386659087946, 0.7555508315595573, -0.45580658428258974, 0), (0.877332984017225, 0.45580658428258974, -0.15009061556296555, 0), (0.2556566994092727, 0.13282300908501288, 0.4582864778499942, 1) ),
                147: ( (0.10630682830295524, -0.4369146151041778, -0.893199013302486, 0), (-0.4369146151041778, 0.7863982998447441, -0.43667302768738103, 0), (0.893199013302486, 0.43667302768738103, -0.10729487185230058, 0), (0.25638510966841543, 0.12534324425519, 0.47025493758653536, 1) ),
                148: ( (0.12106697948583867, -0.4030927713953086, -0.9071157611501551, 0), (-0.4030927713953086, 0.8151351939695016, -0.41601782798475423, 0), (0.9071157611501551, 0.41601782798475423, -0.06379782654465971, 0), (0.25643372093168126, 0.11760461472831546, 0.4823573897856698, 1) ),
                149: ( (0.13853621026260077, -0.3694139642665667, -0.9188803194382478, 0), (-0.3694139642665667, 0.8415874484559132, -0.3940353913119044, 0), (0.9188803194382478, 0.3940353913119044, -0.019876341281486187, 0), (0.255769046668914, 0.10967919788647859, 0.49451532445889107, 1) ),
                150: ( (0.1585418351005231, -0.33623784160479087, -0.9283364693880719, 0), (-0.33623784160479087, 0.8656428913010139, -0.3709534992596414, 0), (0.9283364693880719, 0.3709534992596414, 0.024184726401536905, 0), (0.25437282676691864, 0.10164470891459675, 0.5066491649041623, 1) ),
                151: ( (0.1808470216745648, -0.3039059037167582, -0.9353798995261443, 0), (-0.3039059037167582, 0.8872508545318296, -0.34702611258900756, 0), (0.9353798995261443, 0.34702611258900756, 0.0680978762063944, 0), (0.25224300037995107, 0.09358219894824168, 0.518679766691077, 1) ),
                152: ( (0.2051592951621991, -0.27273043338937203, -0.9399615812956374, 0), (-0.27273043338937203, 0.9064191241791858, -0.3225251649491604, 0), (0.9399615812956374, 0.3225251649491604, 0.1115784193413849, 0), (0.24939411634631367, 0.08557358099793033, 0.5305299182881555, 1) ),
                153: ( (0.2311412886838261, -0.24298515261697742, -0.9420891254405205, 0), (-0.24298515261697742, 0.923208538157518, -0.29773177640413656, 0), (0.9420891254405205, 0.29773177640413656, 0.15434982684134413, 0), (0.24585715216907963, 0.077699110073831, 0.5421257863761877, 1) ),
                154: ( (0.2584230783616287, -0.21489809021313322, -0.9418260579283458, 0), (-0.21489809021313322, 0.9377256926021599, -0.2729273461134807, 0), (0.9418260579283458, 0.2729273461134807, 0.19614877096378858, 0), (0.2416787455698386, 0.07003494762663433, 0.5533982511780048, 1) ),
                155: ( (0.28661535421558537, -0.18864696289377858, -0.9392890727134157, 0), (-0.18864696289377858, 0.9501143221691916, -0.24838497981949498, 0), (0.9392890727134157, 0.24838497981949498, 0.23672967638477693, 0), (0.23691987525979252, 0.06265093478117749, 0.5642840825930017, 1) ),
                156: ( (0.3153226565048265, -0.1643571745452141, -0.934643430122019, 0), (-0.1643571745452141, 0.960545969453893, -0.2243616717298097, 0), (0.934643430122019, 0.2243616717298097, 0.2758686259587195, 0), (0.23165405710716433, 0.0556086843822043, 0.5747269161952776, 1) ),
                157: ( (0.34415595045674363, -0.14210234481566406, -0.9280967650860041, 0), (-0.14210234481566406, 0.969210551782588, -0.20109159582434427, 0), (0.9280967650860041, 0.20109159582434427, 0.3133665022393316, 0), (0.22596514593328787, 0.04896007992463469, 0.5846779986874222, 1) ),
                158: ( (0.37274391272282614, -0.12190710760695288, -0.919891641794285, 0), (-0.12190710760695288, 0.9763073755894437, -0.17878077492996747, 0), (0.919891641794285, 0.17878077492996747, 0.34905128831226984, 0), (0.2199448499582974, 0.04274624198204571, 0.5940966845055247, 1) ),
                159: ( (0.4007424467505126, -0.10375178710161331, -0.9102972360968883, 0), (-0.10375178710161331, 0.9820370502325617, -0.15760329515511565, 0), (0.9102972360968883, 0.15760329515511565, 0.38277949698307434, 0), (0.21369007342607066, 0.03699699216740538, 0.6029506781701437, 1) ),
                160: ( (0.42784211438729314, -0.08757847263279825, -0.8996005426231781, 0), (-0.08757847263279825, 0.9865946287527257, -0.1376991272578639, 0), (0.8996005426231781, 0.1376991272578639, 0.4144367431400189, 0), (0.20730020299338026, 0.03173081348898578, 0.6112160298792375, 1) ),
                161: ( (0.45377334914634304, -0.07329797679396141, -0.8880974913839262, 0), (-0.07329797679396141, 0.9901641683105508, -0.11917351380146149, 0), (0.8880974913839262, 0.11917351380146149, 0.4439375174568938, 0), (0.20087444570702156, 0.026955276599782474, 0.6188769039908542, 1) ),
                162: ( (0.47830948560092135, -0.06079717066896532, -0.8760843224386742, 0), (-0.06079717066896532, 0.9929147725340397, -0.10209778901780811, 0), (0.8760843224386742, 0.10209778901780811, 0.47122425813496105, 0), (0.194509312139237, 0.02266787591576943, 0.6259251507877404, 1) ),
                163: ( (0.5012677853841342, -0.049946238217893436, -0.8638495127184868, 0), (-0.049946238217893436, 0.9949980638125813, -0.08651142292839595, 0), (0.8638495127184868, 0.08651142292839595, 0.49626584919671546, 0), (0.18829631932490284, 0.018857199404690196, 0.6323597207263134, 1) ),
                164: ( (0.5225087535954361, -0.04060546787806612, -0.8516664830757091, 0), (-0.04060546787806612, 0.9965469439827183, -0.07242502617954948, 0), (0.8516664830757091, 0.07242502617954948, 0.5190556975781544, 0), (0.1823199666251464, 0.015504341920553187, 0.6381859668748606, 1) ),
                165: ( (0.5419341151204329, -0.03263129125403159, -0.8397872431156169, 0), (-0.03263129125403159, 0.9976754410139376, -0.05982401882805724, 0), (0.8397872431156169, 0.05982401882805724, 0.5396095561343703, 0), (0.17665601563591532, 0.01258446456781625, 0.6434148852243906, 1) ),
                166: ( (0.5594838579603151, -0.02588137470329688, -0.828437062863142, 0), (-0.02588137470329688, 0.9984794074663622, -0.048672654633682234, 0), (0.828437062863142, 0.048672654633682234, 0.5579632654266773, 0), (0.17137008467608808, 0.01006840147537201, 0.648062343942071, 1) ),
                167: ( (0.5751327532695856, -0.020218659763424428, -0.8178101991990053, 0), (-0.020218659763424428, 0.9990378307441324, -0.038918100408796175, 0), (0.8178101991990053, 0.038918100408796175, 0.574170584013718, 0), (0.16651655076655114, 0.007924219884768255, 0.6521483514903854, 1) ),
                168: ( (0.5888867350449273, -0.015514325448006643, -0.8080666550440124, 0), (-0.015514325448006643, 0.9994145304600353, -0.030494294732632748, 0), (0.8080666550440124, 0.030494294732632748, 0.5883012655049624, 0), (0.16213773839639412, 0.0061186486920102555, 0.6556964100126073, 1) ),
                169: ( (0.6007794732324457, -0.011649705256026308, -0.7993299124329033, 0), (-0.011649705256026308, 0.9996600484608065, -0.02332534841724338, 0), (0.7993299124329033, 0.02332534841724338, 0.6004395216932522, 0), (0.15826336525848858, 0.004618303505124452, 0.6587329947140474, 1) ),
                170: ( (0.6108694096118289, -0.008517233110781388, -0.7916855569862521, 0), (-0.008517233110781388, 0.9998135760547866, -0.017328296992956446, 0), (0.7916855569862521, 0.017328296992956446, 0.6106829856666155, 0), (0.15491021045771963, 0.0033906518950166564, 0.6612871924180523, 1) ),
                171: ( (0.6192374528194965, -0.0060205168586895084, -0.7851806992039324, 0), (-0.0060205168586895084, 0.9999048051771001, -0.012415069895080639, 0), (0.7851806992039324, 0.012415069895080639, 0.6191422579965966, 0), (0.1520819698650944, 0.0024046799514697466, 0.663390523336163, 1) ),
                172: ( (0.6259854529394924, -0.00407364899821483, -0.7798240943263923, 0), (-0.00407364899821483, 0.9999556310943222, -0.008493599154373446, 0), (0.7798240943263923, 0.008493599154373446, 0.6259410840338144, 0), (0.14976926528256512, 0.0016312398067848146, 0.6650769596605091, 1) ),
                173: ( (0.6312355017470686, -0.0025998669754707187, -0.7755868629791486, 0), (-0.0025998669754707187, 0.999981670393104, -0.005468049883384869, 0), (0.7755868629791486, 0.005468049883384869, 0.6312171721401726, 0), (0.14794977753512073, 0.0010430769297590386, 0.6663831431602175, 1) ),
                174: ( (0.635130035461972, -0.0015296753892314378, -0.772403714483092, 0), (-0.0015296753892314378, 0.9999935870117471, -0.003238213795130263, 0), (0.772403714483092, 0.003238213795130263, 0.6351236224737191, 0), (0.14658847695066057, 0.0006145553411617554, 0.6673487918360149, 1) ),
                175: ( (0.6378326555337678, -0.0007985455428414545, -0.770174568432221, 0), (-0.0007985455428414545, 0.999998239280836, -0.0016981637859642372, 0), (0.770174568432221, 0.0016981637859642372, 0.6378308948146038, 0), (0.14563792629639183, 0.0003211181755883002, 0.6680172731443389, 1) ),
                176: ( (0.6395295318001148, -0.0003443191229769011, -0.7687664530921386, 0), (-0.0003443191229769011, 0.9999996711085404, -0.000734320878557986, 0), (0.7687664530921386, 0.000734320878557986, 0.6395292029086552, 0), (0.14503862958472685, 0.00013853998632890142, 0.6684363086117904, 1) ),
                177: ( (0.640431213122761, -0.00010446639332728877, -0.7680155274113156, 0), (-0.00010446639332728877, 0.999999969649125, -0.00022313341729355313, 0), (0.7680155274113156, 0.00022313341729355313, 0.6404311827718859, 0), (0.14471939398601444, 0.00004204567717217186, 0.6686587620456044, 1) ),
                178: ( (0.640774644358304, -0.000013387584281200561, -0.7677290244404347, 0), (-0.000013387584281200561, 0.9999999995010724, -0.00002861166913304383, 0), (0.7677290244404347, 0.00002861166913304383, 0.6407746438593765, 0), (0.14459766058782755, 0.000005388855039271846, 0.6687434511356625, 1) ),
                179: ( (0.6408251748378085, 3.7654482234110905e-10, -0.7676868471545493, 0), (3.7654482234110905e-10, 1, 8.048128299217021e-10, 0), (0.7676868471545493, -8.048128299217021e-10, 0.6408251748378085, 0), (0.1445797427590627, -1.5157174093911197e-10, 0.6687559099974614, 1) ),
            }
            uniform token[] xformOpOrder = ["xformOp:transform"]
        }

        def Cylinder "link_5"
        {
            uniform token axis = "Z"
            double height = 0.040000000000000015
            color3f[] primvars:displayColor = [(0.15, 0.45, 0.85)]
            double radius = 0.028
            matrix4d xformOp:transform.timeSamples = {
                0: ( (-0.8423533955642633, -3.858380572818779e-9, -0.5389255579218302, 0), (-3.858380572818779e-9, 1, -1.1286542027645314e-9, 0), (0.5389255579218302, 1.1286542027645314e-9, -0.8423533955642633, 0), (0.17455042509636307, -1.4911897937805898e-10, 0.6679294714571213, 1) ),
                1: ( (-0.8423455341729287, 0.0005679753565463345, -0.5389375459762645, 0), (0.0005679753565463345, 0.999999824899293, 0.0001661486616675803, 0), (0.5389375459762645, -0.0001661486616675803, -0.8423457092736357, 0), (0.17456963717495172, -0.000009427400826674731, 0.6679159029808118, 1) ),
                2: ( (-0.8422823950281866, 0.004427259042367756, -0.5390183358689707, 0), (0.004427259042367756, 0.9999893606850496, 0.0012953355076931134, 0), (0.5390183358689707, -0.0012953355076931134, -0.842293034343137, 0), (0.17470014932970684, -0.00007353057819080731, 0.6678236804144091, 1) ),
                3: ( (-0.8420361787450283, 0.01455105526271746, -0.5392247587743094, 0), (0.01455105526271746, 0.999885054804188, 0.00425957391851886, 0), (0.5392247587743094, -0.00425957391851886, -0.8421511239408404, 0), (0.17504228753658013, -0.0002420882234453845, 0.6675815145153445, 1) ),
                4: ( (-0.8412580174400905, 0.03356399174256769, -0.5395909622585178, 0), (0.03356399174256769, 0.9993881674751585, 0.009836115541692851, 0), (0.5395909622585178, -0.009836115541692851, -0.8418698499649322, 0), (0.17568411309330612, -0.0005602912056951292, 0.6671256446062794, 1) ),
                5: ( (-0.8391758673635696, 0.06371865119754319, -0.5401146148033457, 0), (0.06371865119754319, 0.9977924533577889, 0.018712389259806724, 0), (0.5401146148033457, -0.018712389259806724, -0.8413834140057808, 0), (0.1767008684492079, -0.001069751713061307, 0.6663992066631726, 1) ),
                6: ( (-0.8343781030922579, 0.1068240879638068, -0.5407418934305598, 0), (0.1068240879638068, 0.9937791528638166, 0.031489832707971635, 0), (0.5407418934305598, -0.031489832707971635, -0.8405989502284414, 0), (0.17815429761178614, -0.0018095631577271316, 0.6653515808706256, 1) ),
                7: ( (-0.8246270424444899, 0.16409325797778637, -0.54135352917986, 0), (0.16409325797778637, 0.9852426842925169, 0.048685272252616194, 0), (0.54135352917986, -0.048685272252616194, -0.8393843581519729, 0), (0.18009195459232163, -0.0028172668563527024, 0.6639377800427716, 1) ),
                8: ( (-0.8067606731231804, 0.23588092729027274, -0.5417540073156029, 0), (0.23588092729027274, 0.9692046585433257, 0.07072848081640375, 0), (0.5417540073156029, -0.07072848081640375, -0.8375560145798546, 0), (0.18254659114376903, -0.004129599201501684, 0.6621179309070262, 1) ),
                9: ( (-0.7767615056861652, 0.3213092202540427, -0.5416659009610085, 0), (0.3213092202540427, 0.9418945003649261, 0.09795476079316115, 0), (0.5416659009610085, -0.09795476079316115, -0.834867005321239, 0), (0.18553569995801727, -0.005782916388244812, 0.6598568870466089, 1) ),
                10: ( (-0.7300860091837029, 0.41783269165008097, -0.5407312280446391, 0), (0.41783269165008097, 0.8990893185166414, 0.13059187998390154, 0), (0.5407312280446391, -0.13059187998390154, -0.8309966906670614, 0), (0.18906128074357678, -0.007813223075921073, 0.6571239952151446, 1) ),
                11: ( (-0.6623298887879245, 0.5208777293182466, -0.5385215961486068, 0), (0.5208777293182466, 0.8367871439178904, 0.16874142014931315, 0), (0.5385215961486068, -0.16874142014931315, -0.8255427448700341, 0), (0.19310989201679468, -0.010255766301565496, 0.6538930164950485, 1) ),
                12: ( (-0.570219728633341, 0.6237760201791225, -0.5345586382491764, 0), (0.6237760201791225, 0.7522024999079844, 0.2123555409723836, 0), (0.5345586382491764, -0.2123555409723836, -0.8180172287253566, 0), (0.19765304765881192, -0.013144195518959886, 0.6501421818232773, 1) ),
                13: ( (-0.45275711350983605, 0.7182351915905544, -0.5283457255690833, 0), (0.7182351915905544, 0.6449084395169078, 0.26121124439952137, 0), (0.5283457255690833, -0.26121124439952137, -0.8078486739929283, 0), (0.20264801029061938, -0.01650933210273238, 0.6458543398820588, 1) ),
                14: ( (-0.31214958469648013, 0.7954714239285485, -0.5194110611903673, 0), (0.7954714239285485, 0.5177571264229887, 0.3148853311148316, 0), (0.5194110611903673, -0.3148853311148316, -0.7943924582734914, 0), (0.20803901933048047, -0.02037763441996034, 0.6410171369733636, 1) ),
                15: ( (-0.15407841700279, 0.8478471051994517, -0.5073609441204798, 0), (0.8478471051994517, 0.37712662917484185, 0.37273421062753465, 0), (0.5073609441204798, -0.37273421062753465, -0.7769517878279482, 0), (0.21375896721850854, -0.024769483969823466, 0.6356231564101908, 1) ),
                16: ( (0.012984010619637165, 0.8705321291008633, -0.49194026839784843, 0), (0.8705321291008633, 0.2322047505302962, 0.4338833553321455, 0), (0.49194026839784843, -0.4338833553321455, -0.7548112388500665, 0), (0.2197315016588086, -0.029697449463988404, 0.6296699423875879, 1) ),
                17: ( (0.17929597700227917, 0.8625739179126503, -0.4730953273576252, 0), (0.8625739179126503, 0.09342010881644502, 0.49723125344807517, 0), (0.4730953273576252, -0.49723125344807517, -0.7272839141812759, 0), (0.22587348657044026, -0.03516470382361806, 0.6231598429807718, 1) ),
                18: ( (0.33569191037152357, 0.8269710190195734, -0.4510320110733223, 0), (0.8269710190195734, -0.029463703626944504, 0.5614720152156403, 0), (0.4510320110733223, -0.5614720152156403, -0.6937717932554208, 0), (0.23209770476155145, -0.04116376893304039, 0.6160996303569586, 1) ),
                19: ( (0.47510771724303746, 0.7697884653621424, -0.4262609243309872, 0), (0.7697884653621424, -0.1289445489503951, 0.6251392020113414, 0), (0.4262609243309872, -0.6251392020113414, -0.6538368317073577, 0), (0.23831563926369342, -0.047675741149581743, 0.6084998929054313, 1) ),
                20: ( (0.5933602545007064, 0.6987325866790071, -0.39962029564540485, 0), (0.6987325866790071, -0.20063823836911254, 0.686671005370842, 0), (0.39962029564540485, -0.686671005370842, -0.6072779838684061, 0), (0.24444013797533326, -0.05467010643970105, 0.6003742404291088, 1) ),
                21: ( (0.6891301052998446, 0.6217041465816591, -0.37226825286692916, 0), (0.6217041465816591, -0.24333701161264565, 0.7444938232803531, 0), (0.37226825286692916, -0.7444938232803531, -0.554206906312801, 0), (0.2503877580679549, -0.06210519102310393, 0.5917384133724428, 1) ),
                22: ( (0.7633808385997638, 0.5456956872171678, -0.34563841252283334, 0), (0.5456956872171678, -0.2584939498780583, 0.7971179930405679, 0), (0.34563841252283334, -0.7971179930405679, -0.4951131112782945, 0), (0.2560806102710988, -0.06992921942370062, 0.5826094311976006, 1) ),
                23: ( (0.8185350736222845, 0.47616189352026, -0.3213567867796821, 0), (0.47616189352026, -0.24944336829512292, 0.8432365369057399, 0), (0.3213567867796821, -0.8432365369057399, -0.4309082946728384, 0), (0.26144758111839395, -0.07808187846042819, 0.5730049429989876, 1) ),
                24: ( (0.8576660161685986, 0.4168137574341634, -0.3011233905280352, 0), (0.4168137574341634, -0.22060595586348586, 0.8818159126774551, 0), (0.3011233905280352, -0.8818159126774551, -0.36293993969488714, 0), (0.266424898519906, -0.08649622637268573, 0.5629429455256225, 1) ),
                25: ( (0.8838511442268577, 0.3697107121437513, -0.2865678701024152, 0), (0.3697107121437513, -0.176817539561559, 0.9121674994372234, 0), (0.2865678701024152, -0.9121674994372234, -0.29296639533470126, 0), (0.2709561096483202, -0.09510075321401806, 0.5524420035239379, 1) ),
                26: ( (0.8997395392397972, 0.33552250655417815, -0.2790939073576472, 0), (0.33552250655417815, -0.1228289951075503, 0.9339901956425833, 0), (0.2790939073576472, -0.9339901956425833, -0.2230894558677532, 0), (0.2749916407047295, -0.10382139965606246, 0.5415220440123532, 1) ),
                27: ( (0.9073263713334984, 0.3138621916767488, -0.27973090733534334, 0), (0.3138621916767488, -0.0629720318671414, 0.9473779857260732, 0), (0.27973090733534334, -0.9473779857260732, -0.15564566053364293, 0), (0.27848818366608136, -0.11258337710167211, 0.5302057062831563, 1) ),
                28: ( (0.907900669141263, 0.30362496270781103, -0.2890125550794071, 0), (0.30362496270781103, -0.000964036543531499, 0.9527911380015156, 0), (0.2890125550794071, -0.9527911380015156, -0.0930633674022685, 0), (0.28140818629072023, -0.12131269504118367, 0.5185201267677648, 1) ),
                29: ( (0.9021227984740989, 0.3032936602551192, -0.30689967761845666, 0), (0.3032936602551192, 0.060179051741632406, 0.9509949723213739, 0), (0.30689967761845666, -0.9509949723213739, -0.037698149784268775, 0), (0.2837196972647421, -0.12993737747295903, 0.5064989411768677, 1) ),
                30: ( (0.8901865660430726, 0.3111895685371815, -0.332759567961742, 0), (0.3111895685371815, 0.11815026561922515, 0.9429748497005366, 0), (0.332759567961742, -0.9429748497005366, 0.008336831662297706, 0), (0.2853967392279194, -0.13838842092392523, 0.4941842156751986, 1) ),
                31: ( (0.8720230851561858, 0.3256592840072374, -0.365406307683079, 0), (0.3256592840072374, 0.17130390750912328, 0.9298392344980928, 0), (0.365406307683079, -0.9298392344980928, 0.04332699266530904, 0), (0.28642026233404205, -0.14660059521468966, 0.4816279911160928, 1) ),
                32: ( (0.847508247108612, 0.34519724843672267, -0.40319800440305203, 0), (0.34519724843672267, 0.21857321416485587, 0.9127237313236464, 0), (0.40319800440305203, -0.9127237313236464, 0.06608146127346781, 0), (0.28677959419396715, -0.15451320341392302, 0.4688931487579607, 1) ),
                33: ( (0.8166427437954769, 0.36851022842146897, -0.44417883848169976, 0), (0.36851022842146897, 0.2593705247215995, 0.892707758706285, 0), (0.44417883848169976, -0.892707758706285, 0.07601326851707635, 0), (0.28647417751151005, -0.1620708970544006, 0.4560533812472706, 1) ),
                34: ( (0.7796828346672474, 0.3945347701334825, -0.4862478714410645, 0), (0.3945347701334825, 0.2934836257121197, 0.8707523623824335, 0), (0.4862478714410645, -0.8707523623824335, 0.07316646037936714, 0), (0.2855153010742094, -0.169224593663338, 0.4431921671655477, 1) ),
                35: ( (0.737210570612898, 0.4224212523186902, -0.5273337275067042, 0), (0.4224212523186902, 0.32097834061795594, 0.847663370946069, 0), (0.5273337275067042, -0.847663370946069, 0.05818891123085379, 0), (0.2839275006847587, -0.17593248021212027, 0.43040078104375457, 1) ),
                36: ( (0.6901426016307453, 0.4514984943964793, -0.5655548593832954, 0), (0.4514984943964793, 0.34211385135506733, 0.8240796213162388, 0), (0.5655548593832954, -0.8240796213162388, 0.03225645298581248, 0), (0.2817493387748957, -0.18216102543310633, 0.41777549962267213, 1) ),
                37: ( (0.639685527755943, 0.48123120481452225, -0.599348774164396, 0), (0.48123120481452225, 0.3572740194282985, 0.8004822312545803, 0), (0.599348774164396, -0.8004822312545803, -0.0030404528157585986, 0), (0.27903335597171247, -0.18788588148689225, 0.4054142670162187, 1) ),
                38: ( (0.587251857712245, 0.5111795006661927, -0.6275593786345472, 0), (0.5111795006661927, 0.36691542582603587, 0.77721849462655, 0), (0.6275593786345472, -0.77721849462655, -0.04583271646171916, 0), (0.2758451054231701, -0.19309254086032637, 0.39341314033460617, 1) ),
                39: ( (0.5343534884774408, 0.5409661185439752, -0.6494782582500013, 0), (0.5409661185439752, 0.3715311203435131, 0.7545331571268156, 0), (0.6494782582500013, -0.7545331571268156, -0.09411539117904621, 0), (0.27226130676953497, -0.19777662963600184, 0.3818628464812601, 1) ),
                40: ( (0.4824893718694083, 0.57025356805721, -0.6648419918680565, 0), (0.57025356805721, 0.371628109249345, 0.7326004480846146, 0), (0.6648419918680565, -0.7326004480846146, -0.1458825188812467, 0), (0.26836726776001363, -0.20194375813534082, 0.3708457432370945, 1) ),
                41: ( (0.4330414133416338, 0.5987309314430129, -0.673792554177072, 0), (0.5987309314430129, 0.3677162023782393, 0.7115518717858228, 0), (0.673792554177072, -0.7115518717858228, -0.19924238428012675, 0), (0.264253800113611, -0.20560890416792932, 0.3604334043838822, 1) ),
                42: ( (0.3871886827722901, 0.6261085383118324, -0.6768109205576398, 0), (0.6261085383118324, 0.36030570792915917, 0.6914968511039573, 0), (0.6768109205576398, -0.6914968511039573, -0.2525056092985507, 0), (0.2600138935468955, -0.20879536075241978, 0.3506849552167575, 1) ),
                43: ( (0.34584575597927714, 0.6521182733227705, -0.6746350648088569, 0), (0.6521182733227705, 0.34991136067902684, 0.6725353501982482, 0), (0.6746350648088569, -0.6725353501982482, -0.30424288334169614, 0), (0.25573940825225666, -0.21153332860484025, 0.3416461880093185, 1) ),
                44: ( (0.30962727531589396, 0.6765174986489467, -0.6681729000806814, 0), (0.6765174986489467, 0.337059664129045, 0.6547632066930671, 0), (0.6681729000806814, -0.6547632066930671, -0.35331306055506095, 0), (0.2515180090975966, -0.21385826681684483, 0.3333494011028223, 1) ),
                45: ( (0.2788380749514662, 0.6990950816172802, -0.6584188597054986, 0), (0.6990950816172802, 0.32229653817541726, 0.6382718921734455, 0), (0.6584188597054986, -0.6382718921734455, -0.39886538687311646, 0), (0.24743050629762903, -0.2158091301880034, 0.3258138400498092, 1) ),
                46: ( (0.25348651548206513, 0.7196784416748773, -0.6463803269416395, 0), (0.7196784416748773, 0.30619195747543604, 0.623144787160882, 0), (0.6463803269416395, -0.623144787160882, -0.44032152704249894, 0), (0.24354870021513758, -0.2174266197669345, 0.3190465791377435, 1) ),
                47: ( (0.2333177405315775, 0.738140663399105, -0.633017529765147, 0), (0.738140663399105, 0.2893384029245146, 0.6094519256100686, 0), (0.633017529765147, -0.6094519256100686, -0.4773438565439079, 0), (0.23993376367347016, -0.21875155813367647, 0.31304366635368835, 1) ),
                48: ( (0.21786296953663664, 0.7544065852165678, -0.6191982159910964, 0), (0.7544065852165678, 0.27234068500637065, 0.5972447199198488, 0), (0.6191982159910964, -0.5972447199198488, -0.5097963454569927, 0), (0.23663514191290946, -0.21982347786144507, 0.3077913606514532, 1) ),
                49: ( (0.20650028998083403, 0.7684565955444825, -0.6056666500658718, 0), (0.7684565955444825, 0.25579614991724076, 0.5865516093675818, 0), (0.6056666500658718, -0.5865516093675818, -0.5377035601019253, 0), (0.23368991257636496, -0.22067948533142995, 0.303267311606644, 1) ),
                50: ( (0.19852156494887752, 0.7803269649640443, -0.5930253080605009, 0), (0.7803269649640443, 0.24026630584120778, 0.5773750341220363, 0), (0.5930253080605009, -0.5773750341220363, -0.5612121292099146, 0), (0.23112252686575796, -0.22135343648071737, 0.2994415621758263, 1) ),
                51: ( (0.19319921463866463, 0.7901061299323185, -0.581727055332978, 0), (0.7901061299323185, 0.22624307278402056, 0.5696897185842648, 0), (0.581727055332978, -0.5696897185842648, -0.5805577125773147, 0), (0.22894484657245323, -0.22187543849804003, 0.2962772900139276, 1) ),
                52: ( (0.18984620471434777, 0.7979273693455197, -0.5720754598869774, 0), (0.7979273693455197, 0.21411454163937904, 0.5634419901887836, 0), (0.5720754598869774, -0.5634419901887836, -0.5960392536462731, 0), (0.227156396606425, -0.22227167282179655, 0.2937312376587673, 1) ),
                53: ( (0.18786305154773986, 0.8039594311769594, -0.5642310757879179, 0), (0.8039594311769594, 0.20413574556585434, 0.5585497564263122, 0), (0.5642310757879179, -0.5585497564263122, -0.6080012028864057, 0), (0.22574476462133913, -0.2225645197236455, 0.2917538143153414, 1) ),
                54: ( (0.18676727234755486, 0.8083973818397249, -0.558221872569082, 0), (0.8083973818397249, 0.19640921381534238, 0.5549027786586738, 0), (0.558221872569082, -0.5549027786586738, -0.6168235138371028, 0), (0.22468609388909788, -0.22277295218976523, 0.29028888065810765, 1) ),
                55: ( (0.18620331537090606, 0.8114559049525836, -0.5539563517665146, 0), (0.8114559049525836, 0.19087814177748263, 0.5523629688068876, 0), (0.5539563517665146, -0.5523629688068876, -0.6229185428516113, 0), (0.22394562858729158, -0.22291315530835998, 0.28927325257584063, 1) ),
                56: ( (0.1859340993932912, 0.8133664541344127, -0.5512381717294422, 0), (0.8133664541344127, 0.18733239137257196, 0.5507645471809581, 0), (0.5512381717294422, -0.5507645471809581, -0.6267335092341368, 0), (0.2234782786645504, -0.22299931552439564, 0.2886359801375924, 1) ),
                57: ( (0.18581822077472587, 0.8143784116287597, -0.5497812214882695, 0), (0.8143784116287597, 0.18542490847921722, 0.5499139987202475, 0), (0.5497812214882695, -0.5499139987202475, -0.6287568707460569, 0), (0.22322917188526545, -0.22304451079534426, 0.2882974744608894, 1) ),
                58: ( (0.18577910034348766, 0.8147632285625115, -0.5492240046264885, 0), (0.8147632285625115, 0.18469408130194775, 0.5495898267930568, 0), (0.5492240046264885, -0.5495898267930568, -0.6295268183545646, 0), (0.2231341520774111, -0.22306161714678457, 0.28816856788685946, 1) ),
                59: ( (0.18577357902135117, 0.8148198191839565, -0.5491419120797669, 0), (0.8148198191839565, 0.18458635014941926, 0.5495421199540037, 0), (0.5491419120797669, -0.5495421199540037, -0.6296400708292296, 0), (0.22312016487625386, -0.22306412906429582, 0.28814960239349124, 1) ),
                60: ( (0.18577357902135117, 0.8148198191839565, -0.5491419120797669, 0), (0.8148198191839565, 0.18458635014941926, 0.5495421199540037, 0), (0.5491419120797669, -0.5495421199540037, -0.6296400708292296, 0), (0.22312016487625386, -0.22306412906429582, 0.28814960239349124, 1) ),
                61: ( (0.18573745801856334, 0.8145094187565529, -0.5496144134260537, 0), (0.8145094187565529, 0.1852436296176052, 0.549781051367686, 0), (0.5496144134260537, -0.549781051367686, -0.6290189123638315, 0), (0.22319922765156608, -0.22302820330797246, 0.28821561309321764, 1) ),
                62: ( (0.18558701325418536, 0.8124586839576408, -0.552691909994356, 0), (0.8124586839576408, 0.18949092919585142, 0.5513656451161164, 0), (0.552691909994356, -0.5513656451161164, -0.6249220575499632, 0), (0.2237186100380977, -0.22279124537518186, 0.2886504428490426, 1) ),
                63: ( (0.18586593102359128, 0.8072236153195936, -0.5602177171021089, 0), (0.8072236153195936, 0.19962818169630359, 0.55546253153835, 0), (0.5602177171021089, -0.55546253153835, -0.6145058872801052, 0), (0.22502357366695827, -0.22218845789724667, 0.289752145489511, 1) ),
                64: ( (0.18863233694853032, 0.797640730206622, -0.5728761707147393, 0), (0.797640730206622, 0.21585396675564417, 0.5631841000519282, 0), (0.5728761707147393, -0.5631841000519282, -0.5955136962958254, 0), (0.22735071491343367, -0.22108614545492178, 0.2917499439747162, 1) ),
                65: ( (0.1979091896232913, 0.7829088665090133, -0.5898183274570438, 0), (0.7829088665090133, 0.235814342554863, 0.5757128647051324, 0), (0.5898183274570438, -0.5757128647051324, -0.5662764678218457, 0), (0.23082184330379726, -0.2193723682096197, 0.2948109977183533, 1) ),
                66: ( (0.21915659327305392, 0.7627683077431846, -0.6084035637038525, 0), (0.7627683077431846, 0.2548883857056665, 0.594320132197251, 0), (0.6084035637038525, -0.594320132197251, -0.5259550210212796, 0), (0.23544072405751765, -0.21694905173429718, 0.29904141843816384, 1) ),
                67: ( (0.25774522078639317, 0.7375240499456279, -0.6242000295687054, 0), (0.7375240499456279, 0.2671765282205545, 0.62022171722684, 0), (0.6242000295687054, -0.62022171722684, -0.47507825099305245, 0), (0.2410962114594501, -0.21372619814920296, 0.3044800121436965, 1) ),
                68: ( (0.31700389729126055, 0.7076973834922704, -0.6314055293552205, 0), (0.7076973834922704, 0.2667079876217323, 0.6542409821594488, 0), (0.6314055293552205, -0.6542409821594488, -0.41628811508700725, 0), (0.24757561209576276, -0.2096180398154831, 0.3110864777212739, 1) ),
                69: ( (0.3966580152174364, 0.6734349548900134, -0.6238171050043833, 0), (0.6734349548900134, 0.24832905730710098, 0.6962887625326524, 0), (0.6238171050043833, -0.6962887625326524, -0.35501292747546254, 0), (0.254591551602537, -0.2045406262501291, 0.3187298808657383, 1) ),
                70: ( (0.4922700733954084, 0.6340899807845778, -0.5963221202570749, 0), (0.6340899807845778, 0.20810241298912213, 0.7447303417860178, 0), (0.5963221202570749, -0.7447303417860178, -0.29962751361546935, 0), (0.26182252625813096, -0.1984106349656732, 0.32718670070909267, 1) ),
                71: ( (0.5959008908986245, 0.5883269333385678, -0.546601818268712, 0), (0.5883269333385678, 0.14345621483483395, 0.7957962892183518, 0), (0.546601818268712, -0.7957962892183518, -0.2606428942665415, 0), (0.268961447233969, -0.19114627821501057, 0.3361581789879125, 1) ),
                72: ( (0.6978494198619823, 0.5347953722537896, -0.4764452717933355, 0), (0.5347953722537896, 0.05343193432418292, 0.8432905419903076, 0), (0.4764452717933355, -0.8432905419903076, -0.24871864581383463, 0), (0.2757600779897277, -0.1826727861557511, 0.34531169925560146, 1) ),
                73: ( (0.7889950994984662, 0.4731128120402241, -0.39198341808142473, 0), (0.4731128120402241, -0.060808220020375, 0.8789008063833741, 0), (0.39198341808142473, -0.8789008063833741, -0.27181312052190876, 0), (0.2820547182818769, -0.17293606421676058, 0.35434039120150784, 1) ),
                74: ( (0.8629801965242365, 0.4047065992082635, -0.30245288718124685, 0), (0.4047065992082635, -0.19535590686852333, 0.893335680586452, 0), (0.30245288718124685, -0.893335680586452, -0.3323757103442868, 0), (0.2877636507351462, -0.16192703836207928, 0.36302320588304393, 1) ),
                75: ( (0.9174296204853242, 0.3330296329771315, -0.2177479162133844, 0), (0.3330296329771315, -0.34320245459414855, 0.8782387709043986, 0), (0.2177479162133844, -0.8782387709043986, -0.42577283410882427, 0), (0.2928591813714412, -0.14971464952323082, 0.37126174292317293, 1) ),
                76: ( (0.9537809222849407, 0.2628295950483626, -0.14567963568049422, 0), (0.2628295950483626, -0.4946078426566831, 0.8284224079231655, 0), (0.14567963568049422, -0.8284224079231655, -0.5408269203717424, 0), (0.2973300699739676, -0.13647848242956329, 0.37907613694886805, 1) ),
                77: ( (0.9759539734764856, 0.19848904739278647, -0.09008851048032396, 0), (0.19848904739278647, -0.6384370988017065, 0.7436398112922445, 0), (0.09008851048032396, -0.7436398112922445, -0.662483125325221, 0), (0.3011549478673964, -0.12252671934126633, 0.3865594111456395, 1) ),
                78: ( (0.9886134329477985, 0.14173538543650724, -0.050542662279835726, 0), (0.14173538543650724, -0.7642648036706698, 0.629134636135539, 0), (0.050542662279835726, -0.629134636135539, -0.7756513707228714, 0), (0.30429984264762266, -0.10828642082763693, 0.3938089231883959, 1) ),
                79: ( (0.9957758056413716, 0.08874800732752525, -0.02354434315649662, 0), (0.08874800732752525, -0.8645469729673794, 0.49465374023485864, 0), (0.02354434315649662, -0.49465374023485864, -0.8687711673260077, 0), (0.3067378546028686, -0.09426249250425925, 0.40086348947666683, 1) ),
                80: ( (0.999687063592977, 0.02461122125553056, -0.0044791375467367845, 0), (0.02461122125553056, -0.9355760406747995, 0.3522666034462791, 0), (0.0044791375467367845, -0.3522666034462791, -0.9358889770818226, 0), (0.3084765059983311, -0.08097468027050807, 0.4076699727547932, 1) ),
                81: ( (0.9951248369597564, -0.09804862051706757, 0.010631410090780575, 0), (-0.09804862051706757, -0.9719406112045696, 0.21381748363028658, 0), (-0.010631410090780575, -0.21381748363028658, -0.9768157742448134, 0), (0.3095758640471977, -0.06889089696407427, 0.41408767663318663, 1) ),
                82: ( (0.8624677672706975, -0.5055340829039321, 0.024179359825651496, 0), (-0.5055340829039321, -0.8582168260187732, 0.0888772780903206, 0), (-0.024179359825651496, -0.0888772780903206, -0.9957490587480757, 0), (0.3101478952006213, -0.05837498438973437, 0.4199227175794975, 1) ),
                83: ( (-0.6727478945572396, 0.7389508305822935, 0.036904476023102824, 0), (0.7389508305822935, 0.6735620879900761, -0.016302871041242253, 0), (-0.036904476023102824, 0.016302871041242253, -0.9991858065671635, 0), (0.310338198766251, -0.04965865072493861, 0.4249758643678441, 1) ),
                84: ( (0.614138692701193, 0.7877116340628474, 0.04841536625193027, 0), (0.7877116340628474, -0.6080638475561388, -0.09883693063457659, 0), (-0.04841536625193027, 0.09883693063457659, -0.9939251548549457, 0), (0.31029866346546575, -0.0428364230101137, 0.4290880212102258, 1) ),
                85: ( (0.766546828391971, 0.6395733276448865, 0.057895755003772795, 0), (0.6395733276448865, -0.752188837774971, -0.15861245503422639, 0), (-0.057895755003772795, 0.15861245503422639, -0.9856420093830001, 0), (0.31016115440867703, -0.03787474966754413, 0.4321739563782446, 1) ),
                86: ( (0.8083586826349989, 0.585124544486854, 0.06469549943899346, 0), (0.585124544486854, -0.7865183628897059, -0.19753007942171394, 0), (-0.06469549943899346, 0.19753007942171394, -0.978159680254707, 0), (0.3100195670203476, -0.03462435579401452, 0.43424194268878935, 1) ),
                87: ( (0.8232346056887415, 0.5635324463275745, 0.06867289081261824, 0), (0.5635324463275745, -0.7965553682116508, -0.2189308733579214, 0), (-0.06867289081261824, 0.2189308733579214, -0.9733207625229094, 0), (0.3099233409768827, -0.03282762975334381, 0.4354014955642217, 1) ),
                88: ( (0.8280313503393066, 0.5562584411835525, 0.07028961137542794, 0), (0.5562584411835525, -0.7993015238444381, -0.22736231128312515, 0), (-0.07028961137542794, 0.22736231128312515, -0.9712701735051315, 0), (0.30988173539301034, -0.03211762852809304, 0.43586300985825444, 1) ),
                89: ( (0.8287142853040033, 0.5552090653689759, 0.07053741606539991, 0), (0.5552090653689759, -0.7996661707311445, -0.22864144226341945, 0), (-0.07053741606539991, 0.22864144226341945, -0.9709518854271413, 0), (0.3098752381298659, -0.03200980191880812, 0.4359332644944669, 1) ),
                90: ( (0.8287142853040032, 0.5552090653689761, 0.07053741606539995, 0), (0.5552090653689761, -0.7996661707311445, -0.2286414422634195, 0), (-0.07053741606539995, 0.2286414422634195, -0.9709518854271413, 0), (0.3098752381298659, -0.03200980191880811, 0.4359332644944669, 1) ),
                91: ( (0.832122198789979, 0.5501470949572064, 0.07007724445979159, 0), (0.5501470949572064, -0.802869848832561, -0.22964794740151154, 0), (-0.07007724445979159, 0.22964794740151154, -0.970747650042582, 0), (0.3099083302773207, -0.03188168395286114, 0.43587346102707136, 1) ),
                92: ( (0.8531784975788475, 0.5172904329173542, 0.06706011691964801, 0), (0.5172904329173542, -0.8225490651924576, -0.23627027608903825, 0), (-0.06706011691964801, 0.23627027608903825, -0.9693705676136102, 0), (0.3101246427693077, -0.031038117066830684, 0.43548050476545697, 1) ),
                93: ( (0.8968926592604495, 0.43822425093087797, 0.05952363951230018, 0), (0.43822425093087797, -0.8625297939651448, -0.25298588976169395, 0), (-0.05952363951230018, 0.25298588976169395, -0.9656371347046955, 0), (0.31065980415134686, -0.028903711615006367, 0.434492410530526, 1) ),
                94: ( (0.9491142928976269, 0.3115194878224651, 0.046234918884611995, 0), (0.3115194878224651, -0.9071050953057371, -0.28304761927491934, 0), (-0.046234918884611995, 0.28304761927491934, -0.9579908024081101, 0), (0.3115839739015678, -0.025043319728056297, 0.43272701841018485, 1) ),
                95: ( (0.9871891334372294, 0.1572966750125573, 0.02674641758154119, 0), (0.1572966750125573, -0.9313481916913295, -0.32840265203448776, 0), (-0.02674641758154119, 0.32840265203448776, -0.9441590582541002, 0), (0.31288788572715365, -0.019151451751579847, 0.4300834128753198, 1) ),
                96: ( (0.999977273914065, 0.006607370375270909, 0.0013395193612014665, 0), (0.006607370375270909, -0.9210234177962688, -0.3894511606448291, 0), (-0.0013395193612014665, 0.3894511606448291, -0.921046143882204, 0), (0.31447614086267234, -0.011048343386012162, 0.42653877089751024, 1) ),
                97: ( (0.9925833704428617, -0.1180058273052512, -0.02920406550965259, 0), (-0.1180058273052512, -0.8775880837399954, -0.4646652343349644, 0), (0.02920406550965259, 0.4646652343349644, -0.8850047132971337, 0), (0.31617190339305795, -0.000683378653601496, 0.4221377731537467, 1) ),
                98: ( (0.9755271653788558, -0.2103545490486476, -0.06401338377585299, 0), (-0.2103545490486476, -0.8080879060584718, -0.5502225911179719, 0), (0.06401338377585299, 0.5502225911179719, -0.832560740679616, 0), (0.31773445468995165, 0.011857656231130335, 0.41697301271472187, 1) ),
                99: ( (0.955819403472221, -0.2754527233944648, -0.102640465317437, 0), (-0.2754527233944648, -0.7173648340787098, -0.6399324120575527, 0), (0.102640465317437, 0.6399324120575527, -0.7615454306064888, 0), (0.3188879038852741, 0.026348989953446665, 0.41115715612176423, 1) ),
                100: ( (0.9354005037825197, -0.3222783049955048, -0.14547368027458676, 0), (-0.3222783049955048, -0.607803650993036, -0.7257488656338086, 0), (0.14547368027458676, 0.7257488656338086, -0.6724031472105163, 0), (0.31935576138599797, 0.04243391572414728, 0.4047912480356266, 1) ),
                101: ( (0.9128292196780077, -0.35943491051690024, -0.19377657444528124, 0), (-0.35943491051690024, -0.48207294257405864, -0.799007023210495, 0), (0.19377657444528124, 0.799007023210495, -0.569243722896051, 0), (0.31889334791202834, 0.05965257453030522, 0.39793756669231395, 1) ),
                102: ( (0.885026437131547, -0.3932618920565659, -0.24914511802226763, 0), (-0.3932618920565659, -0.345134584729349, -0.8521896518262766, 0), (0.24914511802226763, 0.8521896518262766, -0.46010814759780194, 0), (0.317310250765436, 0.07748750529892184, 0.3906074979701512, 1) ),
                103: ( (0.8484090602052758, -0.42729973720773606, -0.31243719551903587, 0), (-0.42729973720773606, -0.20445895820058047, -0.88068806565874, 0), (0.31243719551903587, 0.88068806565874, -0.3560498979953046, 0), (0.3144794795707178, 0.09541769323825036, 0.38277236319593333, 1) ),
                104: ( (0.7997551734623889, -0.46262330208666674, -0.3825850792785482, 0), (-0.46262330208666674, -0.06879325340958475, -0.8838818748292975, 0), (0.3825850792785482, 0.8838818748292975, -0.26903807994719586, 0), (0.3103370062936024, 0.11296711475225628, 0.37439722158354427, 1) ),
                105: ( (0.7371397419882435, -0.49875954191397376, -0.4559209582057715, 0), (-0.49875954191397376, 0.05363753907937263, -0.8650791488362621, 0), (0.4559209582057715, 0.8650791488362621, -0.20922271893238387, 0), (0.30488053387975994, 0.12973605139419989, 0.3654871438775126, 1) ),
                106: ( (0.6609050499607234, -0.5347788409842643, -0.526513158593345, 0), (-0.5347788409842643, 0.15661259853221743, -0.8303517840147716, 0), (0.526513158593345, 0.8303517840147716, -0.18248235150705927, 0), (0.298175307619315, 0.14541171116998228, 0.3561279739815576, 1) ),
                107: ( (0.574281361057993, -0.5700917285581096, -0.5875341176229731, 0), (-0.5700917285581096, 0.23657423180231785, -0.7867833589221175, 0), (0.5875341176229731, 0.7867833589221175, -0.18914440713968927, 0), (0.29036740260254085, 0.1597636673013937, 0.3465042335309785, 1) ),
                108: ( (0.48322470222240266, -0.6046749572914497, -0.6331367018161669, 0), (-0.6046749572914497, 0.292474300633518, -0.7408285763208099, 0), (0.6331367018161669, 0.7408285763208099, -0.22430099714407925, 0), (0.28169619939812307, 0.1726337166084534, 0.33688614010124973, 1) ),
                109: ( (0.3953345604465892, -0.6387788698218542, -0.6600546498477358, 0), (-0.6387788698218542, 0.3251831213765892, -0.6972929750405444, 0), (0.6600546498477358, 0.6972929750405444, -0.27948231817682156, 0), (0.27249418233373857, 0.18392742686092178, 0.32759079223192683, 1) ),
                110: ( (0.3181393575512308, -0.6724124938520394, -0.6683178789233243, 0), (-0.6724124938520394, 0.3369047372135284, -0.6590573845688739, 0), (0.6683178789233243, 0.6590573845688739, -0.34495590523524067, 0), (0.26316641419555903, 0.19360905420247293, 0.3189322638437805, 1) ),
                111: ( (0.2573109792457762, -0.7049521942380302, -0.6609337817047684, 0), (-0.7049521942380302, 0.33086718360756484, -0.6273510266593851, 0), (0.6609337817047684, 0.6273510266593851, -0.4118218371466589, 0), (0.25415094988815934, 0.20169727563531184, 0.31117709134626076, 1) ),
                112: ( (0.21537817779008894, -0.7351099016475464, -0.6428263163806814, 0), (-0.7351099016475464, 0.3112776726267309, -0.6022621049209562, 0), (0.6428263163806814, 0.6022621049209562, -0.47334414958318005, 0), (0.24586915012442345, 0.20825863324761085, 0.3045160188686205, 1) ),
                113: ( (0.19133317119480842, -0.7613035817766644, -0.6195227792216844, 0), (-0.7613035817766644, 0.2832856214934466, -0.5832376128381069, 0), (0.6195227792216844, 0.5832376128381069, -0.525381207311745, 0), (0.2386773003175532, 0.2133978551757051, 0.299054247863764, 1) ),
                114: ( (0.18126695809514293, -0.7822480180481911, -0.5960120201494352, 0), (-0.7822480180481911, 0.25261113156413706, -0.5694520651201147, 0), (0.5960120201494352, 0.5694520651201147, -0.56612191034072, 0), (0.23282816277769486, 0.2172469571606035, 0.29481546317068835, 1) ),
                115: ( (0.17983624487090477, -0.7974272022721927, -0.5759937344338703, 0), (-0.7974272022721927, 0.224679048608328, -0.5600260549231619, 0), (0.5759937344338703, 0.5600260549231619, -0.5954847065207671, 0), (0.2284459785734442, 0.2199564975055226, 0.29175191286849844, 1) ),
                116: ( (0.18200807893289972, -0.8071822719651301, -0.5615423750959193, 0), (-0.8071822719651301, 0.20348452913223458, -0.5541216709613905, 0), (0.5615423750959193, 0.5541216709613905, -0.6145073919348656, 0), (0.22551406295908397, 0.22169217116072432, 0.2897535139275877, 1) ),
                117: ( (0.1843716577823734, -0.8124586577161376, -0.553098563828068, 0), (-0.8124586577161376, 0.19069870879771056, -0.5509491192160834, 0), (0.553098563828068, 0.5509491192160834, -0.6249296334199159, 0), (0.22387196145224222, 0.22263857195782222, 0.2886516949904679, 1) ),
                118: ( (0.18554689082044462, -0.8145137668835087, -0.5496723340901407, 0), (-0.8145137668835087, 0.18542557089495793, -0.5497132718204247, 0), (0.5496723340901407, 0.5497132718204247, -0.6290275382845976, 0), (0.223218780317531, 0.2230100331673963, 0.288216846243062, 1) ),
                119: ( (0.1857376271587805, -0.8148242094949619, -0.5491475589295983, 0), (-0.8148242094949619, 0.18461356618702918, -0.5495264677889667, 0), (0.5491475589295983, 0.5495264677889667, -0.6296488066541903, 0), (0.22311936890634596, 0.2230663221042095, 0.2881508336495909, 1) ),
                120: ( (0.1857376271587805, -0.8148242094949619, -0.5491475589295983, 0), (-0.8148242094949619, 0.18461356618702918, -0.5495264677889667, 0), (0.5491475589295983, 0.5495264677889667, -0.6296488066541903, 0), (0.22311936890634596, 0.2230663221042095, 0.2881508336495909, 1) ),
                121: ( (0.18574281497291445, -0.8147676138212673, -0.5492297717294068, 0), (-0.8147676138212673, 0.18472163741494096, -0.5495740642886469, 0), (0.5492297717294068, 0.5495740642886469, -0.6295355476121447, 0), (0.22313335854813804, 0.22306380786536503, 0.2881697992831562, 1) ),
                122: ( (0.18577967388848526, -0.8143827609879206, -0.5497878057719899, 0), (-0.8143827609879206, 0.18545477173033031, -0.5498974870356678, 0), (0.5497878057719899, 0.5498974870356678, -0.6287655543811845, 0), (0.22322839494140517, 0.22304668575176248, 0.28829870682942194, 1) ),
                123: ( (0.18588965769221621, -0.8133706964553127, -0.5512469005000122, 0), (-0.8133706964553127, 0.18736827740472872, -0.5507460746752394, 0), (0.5512469005000122, 0.5507460746752394, -0.6267420649030551, 0), (0.22347754524545782, 0.2230014492198895, 0.28863721521944347, 1) ),
                124: ( (0.18614794704931414, -0.8114598971778599, -0.5539691120282998, 0), (-0.8114598971778599, 0.19092522733022854, -0.5523408303221823, 0), (0.5539691120282998, 0.5523408303221823, -0.6229268256204574, 0), (0.2239449769938503, 0.22291521183517848, 0.2892744933938527, 1) ),
                125: ( (0.1866949447927535, -0.8084008517871447, -0.5582410415032645, 0), (-0.8084008517871447, 0.19647377944349165, -0.5548748659121342, 0), (0.5582410415032645, 0.5548748659121342, -0.6168312757637548, 0), (0.22468557237574205, 0.22277488709666454, 0.29029013230474576, 1) ),
                126: ( (0.1877672229921482, -0.8039619038696101, -0.5642594501611555, 0), (-0.8039619038696101, 0.20422474791681566, -0.5585136609472197, 0), (0.5642594501611555, 0.5585136609472197, -0.6080080290910361, 0), (0.22574442996867883, 0.22256628212638074, 0.29175508520284876, 1) ),
                127: ( (0.18972039246194394, -0.7979280974635027, -0.572116180475925, 0), (-0.7979280974635027, 0.21423513217093781, -0.563395118386711, 0), (0.572116180475925, 0.563395118386711, -0.5960444753671181, 0), (0.22715631259603825, 0.22227320775053794, 0.29373254122189874, 1) ),
                128: ( (0.19303760422517846, -0.7901040554506124, -0.5817835206633987, 0), (-0.7901040554506124, 0.22640209542836998, -0.5696294170301768, 0), (0.5817835206633987, 0.5696294170301768, -0.5805603003464515, 0), (0.2289450822495277, 0.2218766894439759, 0.2962786468036648, 1) ),
                129: ( (0.19831961055529268, -0.7803207369200376, -0.593101070309072, 0), (-0.7803207369200376, 0.2404698175426344, -0.5772987219660043, 0), (0.593101070309072, 0.5772987219660043, -0.5612105719020728, 0), (0.23112315444609471, 0.22135434808128562, 0.2994430022307649, 1) ),
                130: ( (0.20625524921677996, -0.7684446572528089, -0.6057652853293402, 0), (-0.7684446572528089, 0.25604901238375477, -0.586456914015784, 0), (0.6057652853293402, 0.586456914015784, -0.5376957383994654, 0), (0.2336910048412925, 0.22068000611785768, 0.303268876933437, 1) ),
                131: ( (0.21757431752117162, -0.7543873260376038, -0.6193231617411303, 0), (-0.7543873260376038, 0.27264627116637974, -0.5971296116697805, 0), (0.6193231617411303, 0.5971296116697805, -0.5097794113124485, 0), (0.23663676894788171, 0.21982356298396924, 0.30779310758527956, 1) ),
                132: ( (0.23298741939066647, -0.7381126113350293, -0.633171884557315, 0), (-0.7381126113350293, 0.28969844721581317, -0.6093148469132611, 0), (0.633171884557315, 0.6093148469132611, -0.47731413339352047, 0), (0.23993598885112538, 0.2187511719793106, 0.313045667506451, 1) ),
                133: ( (0.25311899364354373, -0.7196404601230912, -0.6465666115805125, 0), (-0.7196404601230912, 0.3066065578872009, -0.6229847725381321, 0), (0.6465666115805125, 0.6229847725381321, -0.44027444846925534, 0), (0.24355157540633549, 0.217425738391747, 0.31904892458285816, 1) ),
                134: ( (0.2784402114518806, -0.6990465306928955, -0.6586387451197047, 0), (-0.6990465306928955, 0.32276429503224047, -0.6380886754821529, 0), (0.6586387451197047, 0.6380886754821529, -0.39879549351587906, 0), (0.24743406641511828, 0.21580774349927492, 0.32581663735035804, 1) ),
                135: ( (0.30920800288137384, -0.6764583286821729, -0.6684269148610292, 0), (-0.6764583286821729, 0.3375779216433248, -0.6545573132854713, 0), (0.6684269148610292, 0.6545573132854713, -0.3532140754753015, 0), (0.25152226623112445, 0.21385638045706726, 0.33335277378133576, 1) ),
                136: ( (0.3454156097944924, -0.652049031913117, -0.6749223040405953, 0), (-0.652049031913117, 0.35047650634419936, -0.6723081722557975, 0), (0.6749223040405953, 0.6723081722557975, -0.30410788386130827, 0), (0.25574434582767674, 0.21153096550418932, 0.34165027210102694, 1) ),
                137: ( (0.3867592093518386, -0.6260302876057546, -0.6771287861122116, 0), (-0.6260302876057546, 0.3609134829639876, -0.6912507047483278, 0), (0.6771287861122116, 0.6912507047483278, -0.2523273076841739, 0), (0.2600194611127395, 0.20879256232230492, 0.35068989366044034, 1) ),
                138: ( (0.43262449790478785, -0.5986450848477572, -0.6741365634648903, 0), (-0.5986450848477572, 0.3683619819873033, -0.7112900341028316, 0), (0.6741365634648903, 0.7112900341028316, -0.19901352010790885, 0), (0.26425990949553924, 0.20560573109853647, 0.36043933919469107, 1) ),
                139: ( (0.4820965260447204, -0.5701616634359127, -0.6652056953481422, 0), (-0.5701616634359127, 0.37230712130716925, -0.7323271707180896, 0), (0.6652056953481422, 0.7323271707180896, -0.14559635264811033, 0), (0.2683737913896559, 0.20194029073006142, 0.37085280567040635, 1) ),
                140: ( (0.5339951450656686, -0.5408695484616799, -0.6498533039026222, 0), (-0.5408695484616799, 0.3722385821616262, -0.7542536506356204, 0), (0.6498533039026222, 0.7542536506356204, -0.0937662727727051, 0), (0.2722680789526219, 0.1977729675658848, 0.3818711457149735, 1) ),
                141: ( (0.5869367256613622, -0.5110792213858061, -0.6279357527148755, 0), (-0.5110792213858061, 0.3676465888899554, -0.7769388747805445, 0), (0.6279357527148755, 0.7769388747805445, -0.04541668544868238, 0), (0.2758519271342165, 0.19308880216086893, 0.3934227515295961, 1) ),
                142: ( (0.6394200663851841, -0.48112744668386814, -0.5997152313818853, 0), (-0.48112744668386814, 0.3580241206660786, -0.8002094157586142, 0), (0.5997152313818853, 0.8002094157586142, -0.0025558129487373016, 0), (0.2790400034391092, 0.18788220056528798, 0.40542521990508634, 1) ),
                143: ( (0.6899306750046518, -0.4513904985076737, -0.5658995330839384, 0), (-0.4513904985076737, 0.34287797689738275, -0.8238211643407517, 0), (0.5658995330839384, 0.8238211643407517, 0.032808651902034525, 0), (0.28175557566888887, 0.18215754983145874, 0.4177877689614853, 1) ),
                144: ( (0.7370533371073047, -0.4223070620557814, -0.5276448839861904, 0), (-0.4223070620557814, 0.3217512148653324, -0.8474272246455722, 0), (0.5276448839861904, 0.8474272246455722, 0.05880455197263701, 0), (0.2839330931916997, 0.17592936590785976, 0.43041428028081363, 1) ),
                145: ( (0.7795789105654081, -0.3944111102993151, -0.48651474620417534, 0), (-0.3944111102993151, 0.29425934548019017, -0.8705465603114125, 0), (0.48651474620417534, 0.8705465603114125, 0.07383825604559824, 0), (0.2855200346140109, 0.16922199880243757, 0.44320674649579583, 1) ),
                146: ( (0.8165886527586015, -0.36837250693039836, -0.4443924710475029, 0), (-0.36837250693039836, 0.2601422654423564, -0.8925400259194723, 0), (0.4443924710475029, 0.8925400259194723, 0.0767309182009579, 0), (0.2864778734306534, 0.16206897421046706, 0.4560688308249392, 1) ),
                147: ( (0.8474991318951327, -0.34503971370589015, -0.4033519770656317, 0), (-0.34503971370589015, 0.21933294207626286, -0.9126010390559111, 0), (0.4033519770656317, 0.9126010390559111, 0.06683207397139557, 0), (0.28678212454229024, 0.15451209072849276, 0.4689092072696558, 1) ),
                148: ( (0.8720536189366173, -0.32547536341609623, -0.36549729617154386, 0), (-0.32547536341609623, 0.17204213741409624, -0.9297673315207142, 0), (0.36549729617154386, 0.9297673315207142, 0.0440957563507135, 0), (0.286421560883866, 0.1466004070583486, 0.48164435924906757, 1) ),
                149: ( (0.8902519646257632, -0.31097239925221604, -0.3327876295526764, 0), (-0.31097239925221604, 0.11885590692422832, -0.9429578146940295, 0), (0.3327876295526764, 0.9429578146940295, 0.009107871549991486, 0), (0.28539680724592376, 0.1383892389631568, 0.4942005733578537, 1) ),
                150: ( (0.902219808279839, -0.3030368046295705, -0.30686823326533813, 0), (-0.3030368046295705, 0.060839385313189664, -0.9510348386019374, 0), (0.30686823326533813, 0.9510348386019374, -0.03694080640697117, 0), (0.2837186031669272, 0.12993924316812652, 0.5065149669360614, 1) ),
                151: ( (0.9080283935328993, -0.3033232790289534, -0.2889280618721306, 0), (-0.3033232790289534, -0.00036321137641137646, -0.9528876410556598, 0), (0.2889280618721306, 0.9528876410556598, -0.09233481784351194, 0), (0.2814060591055473, 0.12131560458408006, 0.5185355172393666, 1) ),
                152: ( (0.9074868012605248, -0.31351281018869537, -0.27960225926399046, 0), (-0.31351281018869537, -0.06244604544705612, -0.9475284741133702, 0), (0.27960225926399046, 0.9475284741133702, -0.1549592441865313, 0), (0.27848520106398444, 0.11258727960392675, 0.5302201938879595, 1) ),
                153: ( (0.8999376707001177, -0.3351258419584074, -0.27893163841076773, 0), (-0.3351258419584074, -0.12239371933612819, -0.9341897277955575, 0), (0.27893163841076773, 0.9341897277955575, -0.22245604863601054, 0), (0.274988013073308, 0.10382619903984555, 0.5415354110745011, 1) ),
                154: ( (0.8840945899873278, -0.36927142546910585, -0.28638325769352047, 0), (-0.36927142546910585, -0.1764885319250995, -0.9124091255741245, 0), (0.28638325769352047, 0.9124091255741245, -0.2923939419377717, 0), (0.27095206217191764, 0.09510631379095383, 0.552454091613344, 1) ),
                155: ( (0.8579640487797812, -0.41634155633663067, -0.3009275651524756, 0), (-0.41634155633663067, -0.22039730113155187, -0.8820911166773647, 0), (0.3009275651524756, 0.8820911166773647, -0.3624332523517708, 0), (0.26642065338067744, 0.08650238161021215, 0.5629536594555857, 1) ),
                156: ( (0.818897073680233, -0.47567202188580093, -0.3211599450632428, 0), (-0.47567202188580093, -0.24936618641611474, -0.8435357921673258, 0), (0.3211599450632428, 0.8435357921673258, -0.43046911273588173, 0), (0.26144334176147965, 0.07808844201879607, 0.573014249589528, 1) ),
                157: ( (0.7638141813458776, -0.5452088966120383, -0.345449208176847, 0), (-0.5452088966120383, -0.25855456791934683, -0.797431372886171, 0), (0.345449208176847, 0.797431372886171, -0.4947403865734692, 0), (0.25607654922397494, 0.06993599727796672, 0.5826173535119361, 1) ),
                158: ( (0.689637629090682, -0.6212458738008056, -0.37209340873987057, 0), (-0.6212458738008056, -0.2435348866029019, -0.7448116025497892, 0), (0.37209340873987057, 0.7448116025497892, -0.5538972575122199, 0), (0.25038400917795195, 0.06211199340629069, 0.5917450215630871, 1) ),
                159: ( (0.5939376487579198, -0.6983310285688058, -0.39946444638534223, 0), (-0.6983310285688058, -0.2009639011601858, -0.6869841955740421, 0), (0.39946444638534223, 0.6869841955740421, -0.607026252402266, 0), (0.2444367932561997, 0.0546767584577641, 0.6003796405466753, 1) ),
                160: ( (0.47574144493617776, -0.7694713376506649, -0.42612666908342434, 0), (-0.7694713376506649, -0.129378116478851, -0.6254399759453191, 0), (0.42612666908342434, 0.6254399759453191, -0.6536366715426731, 0), (0.23831274994062818, 0.047682091189338756, 0.6085042150268845, 1) ),
                161: ( (0.3363585465602824, -0.8267611271537967, -0.4509201334862284, 0), (-0.8267611271537967, -0.029974782060092853, -0.5617539951507543, 0), (0.4509201334862284, 0.5617539951507543, -0.6936162354998103, 0), (0.2320952856613443, 0.04116969434783411, 0.6161030172172802, 1) ),
                162: ( (0.17996386827632238, -0.8624842925664497, -0.4730051280812646, 0), (-0.8624842925664497, 0.09287026980110014, -0.4974896562374156, 0), (0.4730051280812646, 0.4974896562374156, -0.7271658619225776, 0), (0.22587152276182915, 0.035170113765962935, 0.623162440002663, 1) ),
                163: ( (0.013617650215990262, -0.8705621797382038, -0.4918699531502841, 0), (-0.8705621797382038, 0.231658485214697, -0.4341150048518245, 0), (0.4918699531502841, 0.4341150048518245, -0.7547238645693128, 0), (0.21972995620587069, 0.029702285074936583, 0.629671889664845, 1) ),
                164: ( (-0.15351201114715085, -0.8479815086034896, -0.5073080163964563, 0), (-0.8479815086034896, 0.3766231890222428, -0.37293744054099215, 0), (0.5073080163964563, 0.37293744054099215, -0.7768888221249082, 0), (0.21375778902996828, 0.02477371638586177, 0.6356245828718163, 1) ),
                165: ( (-0.3116744262838531, -0.7956827705010807, -0.5193726799980499, 0), (-0.7956827705010807, 0.5173260539462047, -0.3150598080304334, 0), (0.5193726799980499, 0.3150598080304334, -0.7943483723376485, 0), (0.20803815031376674, 0.020381261199126345, 0.6410181566809969, 1) ),
                166: ( (-0.4523841128005579, -0.7184898373887907, -0.528319002170735, 0), (-0.7184898373887907, 0.6445653447450925, -0.2613577431848329, 0), (0.528319002170735, 0.2613577431848329, -0.8078187680554654, 0), (0.20264739129108134, 0.016512372704910724, 0.6458550502166285, 1) ),
                167: ( (-0.5699463294007694, -0.6240410655368563, -0.5345408591737549, 0), (-0.6240410655368563, 0.7519486850069486, -0.2124757012929854, 0), (0.5345408591737549, 0.2124757012929854, -0.8179976443938208, 0), (0.19765262293000135, 0.013146686420847863, 0.650142663202852, 1) ),
                168: ( (-0.6621431751716929, -0.5211266601915481, -0.5385103709411284, 0), (-0.5211266601915481, 0.8366127539317756, -0.16883750767022446, 0), (0.5385103709411284, 0.16883750767022446, -0.8255304212399173, 0), (0.193109612191317, 0.010257756213730566, 0.653893333225433, 1) ),
                169: ( (-0.7299675700435986, -0.41804818838145397, -0.5407245684039416, 0), (-0.41804818838145397, 0.8989782867405941, -0.13066656863915344, 0), (0.5407245684039416, 0.13066656863915344, -0.8309892833030046, 0), (0.18906110443739, 0.007814768588338607, 0.6571241970903188, 1) ),
                170: ( (-0.7766920966917878, -0.3214831278683043, -0.5416622429452944, 0), (-0.3214831278683043, 0.9418293120702065, -0.09801094541617851, 0), (0.5416622429452944, 0.09801094541617851, -0.8348627846215813, 0), (0.1855355942412818, 0.00578407822816414, 0.659857011367286, 1) ),
                171: ( (-0.8067234419757083, -0.23601239840231328, -0.5417521905514135, 0), (-0.23601239840231328, 0.9691696853511235, -0.07076912318795567, 0), (0.5417521905514135, 0.07076912318795567, -0.8375537566245848, 0), (0.182546531156221, 0.004130439162605876, 0.6621180046535862, 1) ),
                172: ( (-0.8246090415945098, -0.16418627123211957, -0.5413527471616609, 0), (-0.16418627123211957, 0.9852258039686411, -0.04871327881838385, 0), (0.5413527471616609, 0.04871327881838385, -0.8393832376258685, 0), (0.18009192258395812, 0.002817845362011828, 0.6639378220088371, 1) ),
                173: ( (-0.8343704508079433, -0.10688518521506486, -0.540741627766987, 0), (-0.10688518521506486, 0.9937720089126889, -0.03150795904497558, 0), (0.540741627766987, 0.03150795904497558, -0.8405984418952543, 0), (0.17815428166493918, 0.001809937357743172, 0.6653516036258167, 1) ),
                174: ( (-0.839173119813776, -0.06375525421444296, -0.540114564275086, 0), (-0.06375525421444296, 0.9977899130885733, -0.018723164763177865, 0), (0.540114564275086, 0.018723164763177865, -0.8413832067252027, 0), (0.17670086109823957, 0.0010699739813035689, 0.6663992182633538, 1) ),
                175: ( (-0.8412572381062204, -0.03358331087123853, -0.5395909752440464, 0), (-0.03358331087123853, 0.999387462682708, -0.009841781522919497, 0), (0.5395909752440464, 0.009841781522919497, -0.8418697754235125, 0), (0.1756841100120783, 0.0005604079006957962, 0.6671256500062337, 1) ),
                176: ( (-0.8420360232685857, -0.014559440424228036, -0.5392247752213908, 0), (-0.014559440424228036, 0.9998849222801351, -0.004262029021654411, 0), (0.5392247752213908, 0.004262029021654411, -0.8421511009884506, 0), (0.1750422864164581, 0.00024213858872593923, 0.6675815166647379, 1) ),
                177: ( (-0.8422823772592261, -0.004429816122990583, -0.5390183426263557, 0), (-0.004429816122990583, 0.9999893483913619, -0.0012960836917444572, 0), (0.5390183426263557, 0.0012960836917444572, -0.8422930288678643, 0), (0.1747001490238244, 0.0000735456864393998, 0.6678236810375442, 1) ),
                178: ( (-0.8423455333375804, -0.0005683101479873159, -0.5389375469289579, 0), (-0.0005683101479873159, 0.9999998246928068, -0.00016624659788777826, 0), (0.5389375469289579, 0.00016624659788777826, -0.8423457086447736, 0), (0.17456963713741758, 0.000009429078725353509, 0.6679159030592514, 1) ),
                179: ( (-0.8423533955642633, -3.858380506446498e-9, -0.5389255579218302, 0), (-3.858380506446498e-9, 1, -1.1286541833492996e-9, 0), (0.5389255579218302, 1.1286541833492996e-9, -0.8423533955642633, 0), (0.17455042509636307, -1.491189780201685e-10, 0.6679294714571213, 1) ),
            }
            uniform token[] xformOpOrder = ["xformOp:transform"]
        }

        def Cylinder "link_6"
        {
            uniform token axis = "Z"
            double height = 0.029999999999999978
            color3f[] primvars:displayColor = [(0.15, 0.45, 0.85)]
            double radius = 0.028
            matrix4d xformOp:transform.timeSamples = {
                0: ( (-0.8423533955642633, -3.858380572818782e-9, -0.5389255579218302, 0), (-3.858380572818782e-9, 1, -1.128654202764532e-9, 0), (0.5389255579218302, 1.128654202764532e-9, -0.8423533955642633, 0), (0.19341281962362714, -1.0961608228130032e-10, 0.6384471026123721, 1) ),
                1: ( (-0.8423455341729291, 0.0005679753565463341, -0.5389375459762642, 0), (0.0005679753565463341, 0.999999824899293, 0.00016614866166758002, 0), (0.5389375459762642, -0.00016614866166758002, -0.8423457092736362, 0), (0.19343245128412098, -0.000015242603985040036, 0.6384338031562347, 1) ),
                2: ( (-0.8422823950281866, 0.0044272590423677545, -0.5390183358689709, 0), (0.0044272590423677545, 0.9999893606850496, 0.0012953355076931131, 0), (0.5390183358689709, -0.0012953355076931131, -0.842293034343137, 0), (0.19356579108512084, -0.00011886732096006629, 0.6383434242123993, 1) ),
                3: ( (-0.8420361787450292, 0.014551055262717463, -0.5392247587743093, 0), (0.014551055262717463, 0.999885054804188, 0.004259573918518857, 0), (0.5392247587743093, -0.004259573918518857, -0.8421511239408412, 0), (0.19391515409368096, -0.00039117331059354457, 0.6381062251774152, 1) ),
                4: ( (-0.8412580174400901, 0.03356399174256768, -0.539590962258519, 0), (0.03356399174256768, 0.9993881674751585, 0.009836115541692876, 0), (0.539590962258519, -0.009836115541692876, -0.8418698499649317, 0), (0.19456979677235425, -0.0009045552496543793, 0.6376601998575069, 1) ),
                5: ( (-0.8391758673635701, 0.06371865119754323, -0.5401146148033457, 0), (0.06371865119754323, 0.9977924533577889, 0.018712389259806735, 0), (0.5401146148033457, -0.018712389259806735, -0.8413834140057812, 0), (0.195604879967325, -0.001724685337154543, 0.6369507871729703, 1) ),
                6: ( (-0.8343781030922572, 0.10682408796380671, -0.5407418934305603, 0), (0.10682408796380671, 0.9937791528638166, 0.03148983270797166, 0), (0.5407418934305603, -0.03148983270797166, -0.8405989502284408, 0), (0.19708026388185573, -0.0029117073025061394, 0.6359306176126303, 1) ),
                7: ( (-0.8246270424444899, 0.16409325797778646, -0.5413535291798596, 0), (0.16409325797778646, 0.9852426842925169, 0.04868527225261618, 0), (0.5413535291798596, -0.04868527225261618, -0.8393843581519729, 0), (0.19903932811361674, -0.00452125138519427, 0.6345593275074526, 1) ),
                8: ( (-0.8067606731231809, 0.23588092729027293, -0.5417540073156026, 0), (0.23588092729027293, 0.9692046585433257, 0.07072848081640377, 0), (0.5417540073156026, -0.07072848081640377, -0.8375560145798553, 0), (0.20150798139981513, -0.0066050960300758155, 0.6328034703967313, 1) ),
                9: ( (-0.7767615056861652, 0.32130922025404257, -0.5416659009610089, 0), (0.32130922025404257, 0.9418945003649261, 0.09795476079316118, 0), (0.5416659009610089, -0.09795476079316118, -0.834867005321239, 0), (0.20449400649165256, -0.009211333016005454, 0.6306365418603657, 1) ),
                10: ( (-0.7300860091837025, 0.41783269165008086, -0.5407312280446394, 0), (0.41783269165008086, 0.8990893185166414, 0.1305918799839016, 0), (0.5407312280446394, -0.1305918799839016, -0.8309966906670609, 0), (0.20798687372513913, -0.012383938875357622, 0.6280391110417975, 1) ),
                11: ( (-0.6623298887879245, 0.5208777293182468, -0.5385215961486068, 0), (0.5208777293182468, 0.8367871439178904, 0.1687414201493132, 0), (0.5385215961486068, -0.1687414201493132, -0.8255427448700341, 0), (0.2119581478819959, -0.016161716006791456, 0.6249990204245973, 1) ),
                12: ( (-0.570219728633341, 0.6237760201791229, -0.534558638249176, 0), (0.6237760201791229, 0.752202499907984, 0.2123555409723836, 0), (0.534558638249176, -0.2123555409723836, -0.8180172287253571, 0), (0.2163625999975331, -0.020576639452993317, 0.6215115788178899, 1) ),
                13: ( (-0.45275711350983694, 0.7182351915905539, -0.5283457255690838, 0), (0.7182351915905539, 0.6449084395169085, 0.2612112443995213, 0), (0.5283457255690838, -0.2612112443995213, -0.8078486739929285, 0), (0.2211401106855373, -0.025651725656715633, 0.6175796362923063, 1) ),
                14: ( (-0.3121495846964808, 0.795471423928549, -0.5194110611903658, 0), (0.795471423928549, 0.5177571264229883, 0.3148853311148308, 0), (0.5194110611903658, -0.3148853311148308, -0.7943924582734925, 0), (0.2262184064721433, -0.03139862100897944, 0.6132134009337914, 1) ),
                15: ( (-0.15407841700279, 0.8478471051994513, -0.5073609441204802, 0), (0.8478471051994513, 0.37712662917484263, 0.3727342106275346, 0), (0.5073609441204802, -0.3727342106275346, -0.7769517878279473, 0), (0.23151660026272536, -0.037815181341787185, 0.6084298438362128, 1) ),
                16: ( (0.01298401061963661, 0.8705321291008628, -0.49194026839784954, 0), (0.8705321291008628, 0.23220475053029765, 0.43388335533214595, 0), (0.49194026839784954, -0.43388335533214595, -0.7548112388500656, 0), (0.23694941105273332, -0.04488336690061351, 0.6032515490278356, 1) ),
                17: ( (0.17929597700227917, 0.8625739179126503, -0.4730953273576252, 0), (0.8625739179126503, 0.09342010881644502, 0.49723125344807517, 0), (0.4730953273576252, -0.49723125344807517, -0.7272839141812759, 0), (0.24243182302795716, -0.0525677976943007, 0.597704905984427, 1) ),
                18: ( (0.3356919103715226, 0.8269710190195741, -0.4510320110733215, 0), (0.8269710190195741, -0.029463703626944948, 0.5614720152156389, 0), (0.4510320110733215, -0.5614720152156389, -0.6937717932554224, 0), (0.24788382514911772, -0.060815289465587785, 0.5918176175930188, 1) ),
                19: ( (0.47510771724303835, 0.7697884653621424, -0.4262609243309861, 0), (0.7697884653621424, -0.12894454895039686, 0.6251392020113408, 0), (0.4262609243309861, -0.6251392020113408, -0.6538368317073586, 0), (0.25323477161527796, -0.06955561321997869, 0.5856156037956738, 1) ),
                20: ( (0.5933602545007064, 0.6987325866790072, -0.39962029564540447, 0), (0.6987325866790072, -0.2006382383691132, 0.6866710053708416, 0), (0.39962029564540447, -0.6866710053708416, -0.6072779838684068, 0), (0.25842684832292245, -0.07870359162768054, 0.5791195109937145, 1) ),
                21: ( (0.6891301052998453, 0.6217041465816585, -0.37226825286692916, 0), (0.6217041465816585, -0.24333701161264587, 0.744493823280354, 0), (0.37226825286692916, -0.744493823280354, -0.5542069063128006, 0), (0.2634171469182974, -0.08816247483791631, 0.5723411716514948, 1) ),
                22: ( (0.7633808385997629, 0.5456956872171684, -0.3456384125228345, 0), (0.5456956872171684, -0.2584939498780565, 0.7971179930405685, 0), (0.3456384125228345, -0.7971179930405685, -0.4951131112782936, 0), (0.268177954709398, -0.0978283491801205, 0.5652804723028603, 1) ),
                23: ( (0.8185350736222838, 0.47616189352026056, -0.3213567867796826, 0), (0.47616189352026056, -0.24944336829512181, 0.8432365369057393, 0), (0.3213567867796826, -0.8432365369057393, -0.430908294672838, 0), (0.2726950686556828, -0.10759515725212906, 0.5579231526854382, 1) ),
                24: ( (0.8576660161685989, 0.41681375743416266, -0.30112339052803555, 0), (0.41681375743416266, -0.22060595586348342, 0.8818159126774558, 0), (0.30112339052803555, -0.8818159126774558, -0.3629399396948845, 0), (0.2769642171883872, -0.11735978331639665, 0.5502400476363014, 1) ),
                25: ( (0.8838511442268581, 0.3697107121437506, -0.2865678701024149, 0), (0.3697107121437506, -0.17681753956155832, 0.9121674994372236, 0), (0.2865678701024149, -0.9121674994372236, -0.29296639533470037, 0), (0.28098598510190476, -0.1270266156943209, 0.5421881796872234, 1) ),
                26: ( (0.8997395392397973, 0.335522506554178, -0.2790939073576471, 0), (0.335522506554178, -0.1228289951075503, 0.9339901956425833, 0), (0.2790939073576471, -0.9339901956425833, -0.22308945586775297, 0), (0.2847599274622471, -0.13651105650355286, 0.5337139130569818, 1) ),
                27: ( (0.907326371333499, 0.31386219167674784, -0.2797309073353424, 0), (0.31386219167674784, -0.06297203186714206, 0.9473779857260736, 0), (0.2797309073353424, -0.9473779857260736, -0.15564566053364315, 0), (0.2882787654228184, -0.14574160660208468, 0.5247581081644788, 1) ),
                28: ( (0.9079006691412624, 0.3036249627078118, -0.2890125550794079, 0), (0.3036249627078118, -0.0009640365435308329, 0.9527911380015153, 0), (0.2890125550794079, -0.9527911380015153, -0.09306336740226828, 0), (0.2915236257184995, -0.15466038487123673, 0.5152629089086854, 1) ),
                29: ( (0.9021227984740988, 0.3032936602551191, -0.30689967761845693, 0), (0.3032936602551191, 0.06017905174163363, 0.9509949723213738, 0), (0.30689967761845693, -0.9509949723213738, -0.03769814978426744, 0), (0.29446118598138815, -0.16322220150420713, 0.5051795059344182, 1) ),
                30: ( (0.8901865660430727, 0.3111895685371814, -0.3327595679617418, 0), (0.3111895685371814, 0.11815026561922493, 0.9429748497005366, 0), (0.3327595679617418, -0.9429748497005366, 0.008336831662297595, 0), (0.29704332410658035, -0.171392540663444, 0.49447600478337905, 1) ),
                31: ( (0.8720230851561861, 0.32565928400723726, -0.3654063076830785, 0), (0.32565928400723726, 0.1713039075091224, 0.9298392344980929, 0), (0.3654063076830785, -0.9298392344980929, 0.04332699266530837, 0), (0.2992094831029498, -0.1791449684221229, 0.4831444358593786, 1) ),
                32: ( (0.8475082471086116, 0.34519724843672267, -0.40319800440305265, 0), (0.34519724843672267, 0.2185732141648573, 0.9127237313236459, 0), (0.40319800440305265, -0.9127237313236459, 0.06608146127346892, 0), (0.300891524348074, -0.18645853401025064, 0.4712059999025321, 1) ),
                33: ( (0.8166427437954771, 0.3685102284214689, -0.44417883848169937, 0), (0.3685102284214689, 0.2593705247215986, 0.8927077587062854, 0), (0.44417883848169937, -0.8927077587062854, 0.07601326851707568, 0), (0.30202043685836955, -0.19331566860912058, 0.4587138456453682, 1) ),
                34: ( (0.7796828346672473, 0.39453477013348276, -0.4862478714410644, 0), (0.39453477013348276, 0.29348362571211895, 0.8707523623824336, 0), (0.4862478714410644, -0.8707523623824336, 0.07316646037936625, 0), (0.30253397657464665, -0.19970092634672318, 0.44575299327882556, 1) ),
                35: ( (0.7372105706128987, 0.42242125231869, -0.5273337275067032, 0), (0.42242125231869, 0.3209783406179546, 0.8476633709460696, 0), (0.5273337275067032, -0.8476633709460696, 0.058188911230853346, 0), (0.3023841811474933, -0.2056006981952327, 0.4324373929368345, 1) ),
                36: ( (0.6901426016307453, 0.4514984943964792, -0.5655548593832953, 0), (0.4514984943964792, 0.34211385135506756, 0.8240796213162386, 0), (0.5655548593832953, -0.8240796213162386, 0.0322564529858127, 0), (0.30154375885331103, -0.2110038121791747, 0.4189044754771756, 1) ),
                37: ( (0.6396855277559417, 0.481231204814523, -0.5993487741643967, 0), (0.481231204814523, 0.35727401942829873, 0.8004822312545796, 0), (0.5993487741643967, -0.8004822312545796, -0.0030404528157594868, 0), (0.3000105630674663, -0.21590275958080257, 0.4053078511676671, 1) ),
                38: ( (0.5872518577122445, 0.5111795006661928, -0.6275593786345476, 0), (0.5111795006661928, 0.3669154258260364, 0.7772184946265498, 0), (0.6275593786345476, -0.7772184946265498, -0.04583271646171916, 0), (0.2978096836753793, -0.22029518817225563, 0.39180899525844604, 1) ),
                39: ( (0.534353488477441, 0.5409661185439756, -0.6494782582500008, 0), (0.5409661185439756, 0.3715311203435119, 0.7545331571268161, 0), (0.6494782582500008, -0.7545331571268161, -0.0941153911790471, 0), (0.294993045808285, -0.22418529013544042, 0.3785688077899935, 1) ),
                40: ( (0.4824893718694092, 0.5702535680572098, -0.6648419918680559, 0), (0.5702535680572098, 0.3716281092493443, 0.732600448084615, 0), (0.6648419918680559, -0.732600448084615, -0.14588251888124648, 0), (0.2916367374753956, -0.22758477381830233, 0.3657398550762509, 1) ),
                41: ( (0.43304141334163304, 0.5987309314430135, -0.673792554177072, 0), (0.5987309314430135, 0.3677162023782391, 0.7115518717858225, 0), (0.673792554177072, -0.7115518717858225, -0.19924238428012786, 0), (0.2878365395098085, -0.2305132196804331, 0.35345992093407774, 1) ),
                42: ( (0.3871886827722911, 0.626108538311832, -0.6768109205576395, 0), (0.626108538311832, 0.36030570792915895, 0.6914968511039576, 0), (0.6768109205576395, -0.6914968511039576, -0.25250560929855004, 0), (0.2837022757664129, -0.2329977505410583, 0.3418472588913083, 1) ),
                43: ( (0.34584575597927614, 0.6521182733227707, -0.6746350648088572, 0), (0.6521182733227707, 0.3499113606790273, 0.6725353501982476, 0), (0.6746350648088572, -0.6725353501982476, -0.3042428833416966, 0), (0.27935163552056663, -0.23507206586177892, 0.3309976870923591, 1) ),
                44: ( (0.30962727531589496, 0.6765174986489466, -0.6681729000806808, 0), (0.6765174986489466, 0.3370596641290442, 0.6547632066930673, 0), (0.6681729000806808, -0.6547632066930673, -0.35331306055506095, 0), (0.27490406060042044, -0.23677497905110217, 0.3209834439833952, 1) ),
                45: ( (0.27883807495146706, 0.6990950816172794, -0.658418859705499, 0), (0.6990950816172794, 0.32229653817541803, 0.6382718921734457, 0), (0.658418859705499, -0.6382718921734457, -0.3988653868731149, 0), (0.2704751663873215, -0.238148646414074, 0.3118535515092501, 1) ),
                46: ( (0.2534865154820657, 0.7196784416748779, -0.6463803269416389, 0), (0.7196784416748779, 0.30619195747543426, 0.6231447871608824, 0), (0.6463803269416389, -0.6231447871608824, -0.44032152704250005, 0), (0.26617201165809495, -0.23923668731756537, 0.30363532569125606, 1) ),
                47: ( (0.23331774053157606, 0.7381406633991054, -0.6330175297651472, 0), (0.7381406633991054, 0.2893384029245152, 0.6094519256100679, 0), (0.6330175297651472, -0.6094519256100679, -0.47734385654390876, 0), (0.2620893772152503, -0.24008237553002887, 0.2963366313746516, 1) ),
                48: ( (0.21786296953663664, 0.7544065852165678, -0.6191982159910964, 0), (0.7544065852165678, 0.27234068500637065, 0.5972447199198488, 0), (0.6191982159910964, -0.5972447199198488, -0.5097963454569927, 0), (0.2583070794725978, -0.24072704305863976, 0.28994848856045846, 1) ),
                49: ( (0.2065002899808348, 0.7684565955444826, -0.6056666500658715, 0), (0.7684565955444826, 0.25579614991723965, 0.5865516093675822, 0), (0.6056666500658715, -0.5865516093675822, -0.5377035601019255, 0), (0.2548882453286705, -0.24120879165929532, 0.2844476870030766, 1) ),
                50: ( (0.19852156494887807, 0.7803269649640446, -0.5930253080605002, 0), (0.7803269649640446, 0.24026630584120667, 0.5773750341220363, 0), (0.5930253080605002, -0.5773750341220363, -0.5612121292099153, 0), (0.25187841264787547, -0.24156156267498863, 0.2797991376534793, 1) ),
                51: ( (0.19319921463866496, 0.7901061299323184, -0.581727055332978, 0), (0.7901061299323184, 0.22624307278402056, 0.5696897185842649, 0), (0.581727055332978, -0.5696897185842649, -0.5805577125773145, 0), (0.24930529350910746, -0.24181457864848926, 0.2759577700737216, 1) ),
                52: ( (0.1898462047143492, 0.7979273693455196, -0.5720754598869772, 0), (0.7979273693455196, 0.21411454163937793, 0.5634419901887844, 0), (0.5720754598869772, -0.5634419901887844, -0.5960392536462729, 0), (0.24717903770246918, -0.241992142478404, 0.27286986378114775, 1) ),
                53: ( (0.18786305154774097, 0.8039594311769597, -0.564231075787917, 0), (0.8039594311769597, 0.20413574556585268, 0.5585497564263123, 0), (0.564231075787917, -0.5585497564263123, -0.6080012028864064, 0), (0.24549285227391626, -0.24211376119856642, 0.27047377221431723, 1) ),
                54: ( (0.18676727234755452, 0.8083973818397254, -0.5582218725690813, 0), (0.8083973818397254, 0.1964092138153416, 0.5549027786586734, 0), (0.5582218725690813, -0.5549027786586734, -0.6168235138371039, 0), (0.24422385942901573, -0.24219454944281882, 0.268700057673809, 1) ),
                55: ( (0.1862033153709055, 0.8114559049525844, -0.553956351766514, 0), (0.8114559049525844, 0.19087814177748186, 0.5523629688068873, 0), (0.553956351766514, -0.5523629688068873, -0.6229185428516126, 0), (0.24333410089911958, -0.24224585921660105, 0.2674711035760342, 1) ),
                56: ( (0.1859340993932912, 0.8133664541344127, -0.5512381717294426, 0), (0.8133664541344127, 0.18733239137257196, 0.5507645471809585, 0), (0.5512381717294426, -0.5507645471809585, -0.6267335092341368, 0), (0.24277161467508088, -0.24227607467572917, 0.26670030731439764, 1) ),
                57: ( (0.18581822077472532, 0.81437841162876, -0.5497812214882696, 0), (0.81437841162876, 0.1854249084792169, 0.5499139987202475, 0), (0.5497812214882696, -0.5499139987202475, -0.6287568707460578, 0), (0.2424715146373549, -0.24229150075055292, 0.2662909839847774, 1) ),
                58: ( (0.18577910034348655, 0.8147632285625115, -0.5492240046264889, 0), (0.8147632285625115, 0.18469408130194898, 0.5495898267930565, 0), (0.5492240046264889, -0.5495898267930565, -0.6295268183545644, 0), (0.2423569922393382, -0.24229726108454155, 0.2661351292444497, 1) ),
                59: ( (0.18577357902135083, 0.8148198191839566, -0.5491419120797668, 0), (0.8148198191839566, 0.18458635014941926, 0.5495421199540035, 0), (0.5491419120797668, -0.5495421199540035, -0.6296400708292298, 0), (0.2423401317990457, -0.24229810326268594, 0.2661121999144682, 1) ),
                60: ( (0.18577357902135083, 0.8148198191839566, -0.5491419120797668, 0), (0.8148198191839566, 0.18458635014941926, 0.5495421199540035, 0), (0.5491419120797668, -0.5495421199540035, -0.6296400708292298, 0), (0.2423401317990457, -0.24229810326268594, 0.2661121999144682, 1) ),
                61: ( (0.18573745801856356, 0.8145094187565528, -0.5496144134260539, 0), (0.8145094187565528, 0.1852436296176052, 0.5497810513676863, 0), (0.5496144134260539, -0.5497810513676863, -0.6290189123638312, 0), (0.24243573212147795, -0.24227054010584148, 0.26619995116048356, 1) ),
                62: ( (0.18558701325418647, 0.8124586839576413, -0.5526919099943546, 0), (0.8124586839576413, 0.1894909291958492, 0.5513656451161162, 0), (0.5526919099943546, -0.5513656451161162, -0.6249220575499643, 0), (0.24306282688790015, -0.24208904295424594, 0.26677817083479394, 1) ),
                63: ( (0.1858659310235904, 0.8072236153195936, -0.560217717102109, 0), (0.8072236153195936, 0.19962818169630436, 0.5554625315383496, 0), (0.560217717102109, -0.5554625315383496, -0.6145058872801052, 0), (0.24463119376553208, -0.2416296465010889, 0.2682444394347073, 1) ),
                64: ( (0.18863233694852943, 0.7976407302066219, -0.57287617071474, 0), (0.7976407302066219, 0.21585396675564528, 0.5631841000519281, 0), (0.57287617071474, -0.5631841000519281, -0.5955136962958254, 0), (0.24740138088844957, -0.2407975889567393, 0.27090696460436225, 1) ),
                65: ( (0.19790918962329185, 0.7829088665090128, -0.589818327457044, 0), (0.7829088665090128, 0.23581434255486322, 0.5757128647051327, 0), (0.589818327457044, -0.5757128647051327, -0.566276467821845, 0), (0.2514654847647938, -0.23952231847429933, 0.2749913213445887, 1) ),
                66: ( (0.2191565932730536, 0.7627683077431847, -0.6084035637038523, 0), (0.7627683077431847, 0.2548883857056665, 0.5943201321972507, 0), (0.6084035637038523, -0.5943201321972507, -0.52595502102128, 0), (0.25673484878715247, -0.23775025636120095, 0.28063299270241904, 1) ),
                67: ( (0.2577452207863937, 0.7375240499456276, -0.6242000295687055, 0), (0.7375240499456276, 0.2671765282205548, 0.6202217172268404, 0), (0.6242000295687055, -0.6202217172268404, -0.47507825099305157, 0), (0.2629432124943548, -0.23543395825214236, 0.2878522733589397, 1) ),
                68: ( (0.31700389729126155, 0.7076973834922701, -0.6314055293552207, 0), (0.7076973834922701, 0.26670798762173176, 0.6542409821594496, 0), (0.6314055293552207, -0.6542409821594496, -0.4162881150870068, 0), (0.26967480562319546, -0.23251647419106386, 0.2965163936932287, 1) ),
                69: ( (0.3966580152174364, 0.673434954890013, -0.6238171050043835, 0), (0.673434954890013, 0.24832905730710153, 0.6962887625326523, 0), (0.6238171050043835, -0.6962887625326523, -0.3550129274754621, 0), (0.2764251502776904, -0.2289107329387719, 0.3063044284040971, 1) ),
                70: ( (0.4922700733954076, 0.634089980784578, -0.5963221202570753, 0), (0.634089980784578, 0.2081024129891227, 0.7447303417860176, 0), (0.5963221202570753, -0.7447303417860176, -0.2996275136154698, 0), (0.2826938004671286, -0.22447619692818382, 0.3166997377325512, 1) ),
                71: ( (0.5959008908986239, 0.5883269333385682, -0.5466018182687122, 0), (0.5883269333385682, 0.14345621483483395, 0.7957962892183513, 0), (0.5466018182687122, -0.7957962892183513, -0.2606428942665422, 0), (0.28809251087337395, -0.21899914833765288, 0.32703567768858355, 1) ),
                72: ( (0.697849419861982, 0.5347953722537899, -0.47644527179333557, 0), (0.5347953722537899, 0.05343193432418225, 0.8432905419903076, 0), (0.47644527179333557, -0.8432905419903076, -0.24871864581383574, 0), (0.2924356625024944, -0.2121879551254119, 0.3366065466521172, 1) ),
                73: ( (0.7889950994984662, 0.4731128120402242, -0.3919834180814245, 0), (0.4731128120402242, -0.06080822002037589, 0.8789008063833741, 0), (0.3919834180814245, -0.8789008063833741, -0.27181312052190965, 0), (0.2957741379147268, -0.20369759244017868, 0.34482693198324105, 1) ),
                74: ( (0.862980196524237, 0.4047065992082632, -0.30245288718124635, 0), (0.4047065992082632, -0.19535590686852422, 0.893335680586452, 0), (0.30245288718124635, -0.893335680586452, -0.33237571034428726, 0), (0.2983495017864898, -0.1931937871826051, 0.3513900560209939, 1) ),
                75: ( (0.9174296204853242, 0.33302963297713173, -0.21774791621338443, 0), (0.33302963297713173, -0.343202454594149, 0.8782387709043983, 0), (0.21774791621338443, -0.8782387709043983, -0.42577283410882494, 0), (0.30048035843890963, -0.18045300650488477, 0.35635969372936405, 1) ),
                76: ( (0.953780922284941, 0.2628295950483619, -0.14567963568049389, 0), (0.2628295950483619, -0.49460784265668334, 0.8284224079231659, 0), (0.14567963568049389, -0.8284224079231659, -0.5408269203717424, 0), (0.3024288572227849, -0.16547326670687407, 0.3601471947358571, 1) ),
                77: ( (0.9759539734764856, 0.19848904739278664, -0.09008851048032387, 0), (0.19848904739278664, -0.638437098801707, 0.7436398112922434, 0), (0.09008851048032387, -0.7436398112922434, -0.6624831253252215, 0), (0.3043080457342077, -0.14855411273649488, 0.3633725017592567, 1) ),
                78: ( (0.9886134329477982, 0.14173538543650852, -0.05054266227983626, 0), (0.14173538543650852, -0.7642648036706692, 0.6291346361355395, 0), (0.05054266227983626, -0.6291346361355395, -0.7756513707228709, 0), (0.30606883582741695, -0.13030613309238082, 0.3666611252130954, 1) ),
                79: ( (0.9957758056413715, 0.08874800732752698, -0.023544343156497064, 0), (0.08874800732752698, -0.8645469729673798, 0.4946537402348584, 0), (0.023544343156497064, -0.4946537402348584, -0.8687711673260083, 0), (0.307561906613346, -0.1115753734124793, 0.37045649862025654, 1) ),
                80: ( (0.999687063592977, 0.02461122125553057, -0.004479137546736781, 0), (0.02461122125553057, -0.935576040674799, 0.35226660344627864, 0), (0.004479137546736781, -0.35226660344627864, -0.9358889770818222, 0), (0.3086332758124669, -0.09330401139112784, 0.37491385855692944, 1) ),
                81: ( (0.9951248369597555, -0.09804862051707615, 0.010631410090781506, 0), (-0.09804862051707615, -0.9719406112045688, 0.21381748363028652, 0), (-0.010631410090781506, -0.21381748363028652, -0.9768157742448131, 0), (0.3092037646940204, -0.07637450889113433, 0.37989912453461816, 1) ),
                82: ( (0.8624677672706881, -0.5055340829039482, 0.02417935982565233, 0), (-0.5055340829039482, -0.8582168260187639, 0.0888772780903204, 0), (-0.02417935982565233, -0.0888772780903204, -0.9957490587480757, 0), (0.3093016176067235, -0.06148568912289563, 0.3850715005233149, 1) ),
                83: ( (-0.6727478945572427, 0.738950830582291, 0.036904476023102865, 0), (0.738950830582291, 0.673562087990079, -0.016302871041242183, 0), (-0.036904476023102865, 0.016302871041242183, -0.9991858065671637, 0), (0.30904654210544236, -0.04908805023849511, 0.3900043611379934, 1) ),
                84: ( (0.6141386927011927, 0.7877116340628476, 0.04841536625193028, 0), (0.7877116340628476, -0.6080638475561384, -0.09883693063457655, 0), (-0.04841536625193028, 0.09883693063457655, -0.9939251548549457, 0), (0.3086041256466482, -0.0393771304379035, 0.3943006407903028, 1) ),
                85: ( (0.7665468283919712, 0.6395733276448863, 0.05789575500377293, 0), (0.6395733276448863, -0.7521888377749719, -0.1586124550342269, 0), (-0.05789575500377293, 0.1586124550342269, -0.9856420093830007, 0), (0.308134802983545, -0.0323233137413462, 0.3976764860498396, 1) ),
                86: ( (0.8083586826349987, 0.5851245444868542, 0.06469549943899347, 0), (0.5851245444868542, -0.7865183628897059, -0.19753007942171394, 0), (-0.06469549943899347, 0.19753007942171394, -0.9781596802547072, 0), (0.30775522453998283, -0.027710803014254517, 0.4000063538798746, 1) ),
                87: ( (0.8232346056887372, 0.5635324463275807, 0.06867289081261921, 0), (0.5635324463275807, -0.7965553682116457, -0.2189308733579215, 0), (-0.06867289081261921, 0.2189308733579215, -0.9733207625229086, 0), (0.307519789798441, -0.02516504918581655, 0.4013352688759199, 1) ),
                88: ( (0.8280313503393087, 0.5562584411835496, 0.0702896113754274, 0), (0.5562584411835496, -0.7993015238444401, -0.22736231128312487, 0), (-0.0702896113754274, 0.22736231128312487, -0.9712701735051315, 0), (0.3074215989948704, -0.024159947633183666, 0.4018685537855749, 1) ),
                89: ( (0.8287142853040073, 0.5552090653689701, 0.07053741606539883, 0), (0.5552090653689701, -0.7996661707311492, -0.22864144226341893, 0), (-0.07053741606539883, 0.22864144226341893, -0.970951885427142, 0), (0.30740642856757694, -0.024007351439588438, 0.401949948504517, 1) ),
                90: ( (0.828714285303999, 0.5552090653689822, 0.0705374160654008, 0), (0.5552090653689822, -0.7996661707311403, -0.22864144226341918, 0), (-0.0705374160654008, 0.22864144226341918, -0.9709518854271413, 0), (0.3074064285675769, -0.024007351439588438, 0.401949948504517, 1) ),
                91: ( (0.8321221987899728, 0.5501470949572154, 0.07007724445979285, 0), (0.5501470949572154, -0.8028698488325552, -0.22964794740151115, 0), (-0.07007724445979285, 0.22964794740151115, -0.9707476500425822, 0), (0.30745562672122795, -0.02384400579380823, 0.401897293275581, 1) ),
                92: ( (0.8531784975788475, 0.5172904329173541, 0.06706011691964836, 0), (0.5172904329173541, -0.8225490651924574, -0.23627027608903947, 0), (-0.06706011691964836, 0.23627027608903947, -0.96937056761361, 0), (0.30777753867712, -0.02276865740371431, 0.4015525348989806, 1) ),
                93: ( (0.8968926592604479, 0.4382242509308809, 0.05952363951230081, 0), (0.4382242509308809, -0.8625297939651431, -0.2529858897616947, 0), (-0.05952363951230081, 0.2529858897616947, -0.965637134704695, 0), (0.3085764767684163, -0.020049205473347063, 0.40069511081586173, 1) ),
                94: ( (0.9491142928976279, 0.31151948782246214, 0.04623491888461146, 0), (0.31151948782246214, -0.907105095305738, -0.28304761927491895, 0), (-0.04623491888461146, 0.28304761927491895, -0.9579908024081101, 0), (0.30996575174060637, -0.015136653053434115, 0.39919734032590104, 1) ),
                95: ( (0.9871891334372294, 0.15729667501255729, 0.026746417581541296, 0), (0.15729667501255729, -0.9313481916913295, -0.32840265203448904, 0), (-0.026746417581541296, 0.32840265203448904, -0.9441590582541002, 0), (0.3119517611117997, -0.007657358930372738, 0.3970378458364263, 1) ),
                96: ( (0.999977273914065, 0.006607370375275473, 0.0013395193612023915, 0), (0.006607370375275473, -0.9210234177962688, -0.3894511606448291, 0), (-0.0013395193612023915, 0.3894511606448291, -0.921046143882204, 0), (0.3144292576850303, 0.0025824472365568833, 0.3943021558616331, 1) ),
                97: ( (0.9925833704428617, -0.11800582730525119, -0.02920406550965259, 0), (-0.11800582730525119, -0.877588083739995, -0.4646652343349643, 0), (0.02920406550965259, 0.4646652343349643, -0.8850047132971333, 0), (0.3171940456858958, 0.015579904548122263, 0.391162608188347, 1) ),
                98: ( (0.9755271653788554, -0.21035454904864903, -0.0640133837758535, 0), (-0.21035454904864903, -0.8080879060584714, -0.5502225911179723, 0), (0.0640133837758535, 0.5502225911179723, -0.8325607406796158, 0), (0.3199749231221065, 0.03111544692025936, 0.3878333867909353, 1) ),
                99: ( (0.9558194034722214, -0.27545272339446375, -0.10264046531743663, 0), (-0.27545272339446375, -0.7173648340787104, -0.6399324120575532, 0), (0.10264046531743663, 0.6399324120575532, -0.761545430606489, 0), (0.3224803201713844, 0.04874662437546102, 0.38450306605053713, 1) ),
                100: ( (0.9354005037825202, -0.32227830499550386, -0.14547368027458643, 0), (-0.32227830499550386, -0.6078036509930362, -0.7257488656338094, 0), (0.14547368027458643, 0.7257488656338094, -0.6724031472105161, 0), (0.3244473401956085, 0.06783512602133059, 0.38125713788325855, 1) ),
                101: ( (0.9128292196780076, -0.3594349105169004, -0.19377657444528124, 0), (-0.3594349105169004, -0.48207294257405864, -0.7990070232104945, 0), (0.19377657444528124, 0.7990070232104945, -0.5692437228960512, 0), (0.3256755280176132, 0.08761782034267254, 0.37801403639095216, 1) ),
                102: ( (0.8850264371315464, -0.39326189205656686, -0.24914511802226863, 0), (-0.39326189205656686, -0.3451345847293472, -0.8521896518262767, 0), (0.24914511802226863, 0.8521896518262767, -0.46010814759780083, 0), (0.3260303298962154, 0.10731414311284151, 0.3745037128042282, 1) ),
                103: ( (0.848409060205275, -0.4272997372077374, -0.3124371955190368, 0), (-0.4272997372077374, -0.20445895820058024, -0.8806880656587397, 0), (0.3124371955190368, 0.8806880656587397, -0.3560498979953053, 0), (0.3254147814138841, 0.12624177553630625, 0.37031061676609767, 1) ),
                104: ( (0.7997551734623887, -0.4626233020866668, -0.3825850792785487, 0), (-0.4626233020866668, -0.06879325340958342, -0.8838818748292974, 0), (0.3825850792785487, 0.8838818748292974, -0.26903807994719475, 0), (0.32372748406835156, 0.14390298037128169, 0.3649808887853925, 1) ),
                105: ( (0.7371397419882442, -0.4987595419139733, -0.45592095820577094, 0), (-0.4987595419139733, 0.053637539079371965, -0.8650791488362625, 0), (0.45592095820577094, 0.8650791488362625, -0.20922271893238387, 0), (0.3208377674169619, 0.16001382160346905, 0.3581643487148791, 1) ),
                106: ( (0.6609050499607233, -0.5347788409842644, -0.5265131585933449, 0), (-0.5347788409842644, 0.1566125985322172, -0.8303517840147716, 0), (0.5265131585933449, 0.8303517840147716, -0.1824823515070595, 0), (0.31660326817008205, 0.17447402361049927, 0.3497410916788105, 1) ),
                107: ( (0.5742813610579922, -0.5700917285581105, -0.5875341176229731, 0), (-0.5700917285581105, 0.23657423180231696, -0.7867833589221173, 0), (0.5875341176229731, 0.7867833589221173, -0.18914440713969083, 0), (0.31093109671934493, 0.1873010848636678, 0.33988417928108927, 1) ),
                108: ( (0.4832247022224033, -0.604674957291449, -0.633136701816167, 0), (-0.604674957291449, 0.29247430063351887, -0.7408285763208101, 0), (0.633136701816167, 0.7408285763208101, -0.22430099714407792, 0), (0.3038559839616889, 0.19856271677968174, 0.32903560520120695, 1) ),
                109: ( (0.39533456044659, -0.6387788698218541, -0.6600546498477354, 0), (-0.6387788698218541, 0.32518312137658867, -0.6972929750405449, 0), (0.6600546498477354, 0.6972929750405449, -0.27948231817682134, 0), (0.29559609507840934, 0.2083326809873408, 0.31780891109573806, 1) ),
                110: ( (0.3181393575512306, -0.6724124938520394, -0.6683178789233244, 0), (-0.6724124938520394, 0.33690473721352865, -0.6590573845688737, 0), (0.6683178789233244, 0.6590573845688737, -0.34495590523524067, 0), (0.28655753995787536, 0.21667606266238354, 0.3068588071605471, 1) ),
                111: ( (0.2573109792457762, -0.7049521942380302, -0.6609337817047684, 0), (-0.7049521942380302, 0.33086718360756484, -0.6273510266593851, 0), (0.6609337817047684, 0.6273510266593851, -0.4118218371466589, 0), (0.27728363224782626, 0.2236545615683903, 0.29676332704612773, 1) ),
                112: ( (0.2153781777900895, -0.7351099016475461, -0.6428263163806816, 0), (-0.7351099016475461, 0.3112776726267309, -0.6022621049209564, 0), (0.6428263163806816, 0.6022621049209564, -0.4733441495831796, 0), (0.2683680711977473, 0.2293378069198443, 0.28794897363320926, 1) ),
                113: ( (0.19133317119480897, -0.7613035817766642, -0.6195227792216843, 0), (-0.7613035817766642, 0.28328562149344627, -0.5832376128381072, 0), (0.6195227792216843, 0.5832376128381072, -0.5253812073117448, 0), (0.26036059759031216, 0.23381117162503884, 0.28066590560785293, 1) ),
                114: ( (0.18126695809514382, -0.7822480180481916, -0.5960120201494344, 0), (-0.7822480180481916, 0.2526111315641354, -0.5694520651201148, 0), (0.5960120201494344, 0.5694520651201148, -0.5661219103407209, 0), (0.25368858348292506, 0.2371777794398075, 0.2750011963087632, 1) ),
                115: ( (0.17983624487090555, -0.7974272022721924, -0.5759937344338704, 0), (-0.7974272022721924, 0.22467904860832766, -0.5600260549231625, 0), (0.5759937344338704, 0.5600260549231625, -0.5954847065207667, 0), (0.24860575927862966, 0.23955740942783327, 0.27090994814027164, 1) ),
                116: ( (0.18200807893289828, -0.80718227196513, -0.5615423750959201, 0), (-0.80718227196513, 0.20348452913223625, -0.5541216709613902, 0), (0.5615423750959201, 0.5541216709613902, -0.6145073919348656, 0), (0.24516804608744114, 0.241086429644373, 0.2682457552098674, 1) ),
                117: ( (0.1843716577823732, -0.8124586577161379, -0.5530985638280677, 0), (-0.8124586577161379, 0.19069870879771023, -0.550949119216083, 0), (0.5530985638280677, 0.550949119216083, -0.6249296334199166, 0), (0.2432304111862246, 0.24192179113038514, 0.26677915782077083, 1) ),
                118: ( (0.18554689082044518, -0.8145137668835086, -0.5496723340901408, 0), (-0.8145137668835086, 0.1854255708949576, -0.5497132718204252, 0), (0.5496723340901408, 0.5497132718204252, -0.6290275382845971, 0), (0.24245731201068593, 0.24224999768111116, 0.26620088240310114, 1) ),
                119: ( (0.18573762715878084, -0.8148242094949615, -0.5491475589295987, 0), (-0.8148242094949615, 0.18461356618702973, -0.549526467788967, 0), (0.5491475589295987, 0.549526467788967, -0.6296488066541894, 0), (0.2423395334688819, 0.24229974847682334, 0.26611312541669424, 1) ),
                120: ( (0.18573762715878084, -0.8148242094949615, -0.5491475589295987, 0), (-0.8148242094949615, 0.18461356618702973, -0.549526467788967, 0), (0.5491475589295987, 0.549526467788967, -0.6296488066541894, 0), (0.2423395334688819, 0.24229974847682334, 0.26611312541669424, 1) ),
                121: ( (0.18574281497291334, -0.8147676138212672, -0.5492297717294071, 0), (-0.8147676138212672, 0.1847216374149424, -0.5495740642886463, 0), (0.5492297717294071, 0.5495740642886463, -0.6295355476121443, 0), (0.24235640055866728, 0.24229890011546767, 0.26613605511673116, 1) ),
                122: ( (0.18577967388848549, -0.8143827609879206, -0.5497878057719898, 0), (-0.8143827609879206, 0.1854547717303301, -0.5498974870356678, 0), (0.5497878057719898, 0.5498974870356678, -0.6287655543811845, 0), (0.24247096814342484, 0.24229309779801086, 0.2662919124260804, 1) ),
                123: ( (0.18588965769221533, -0.8133706964553121, -0.5512469005000133, 0), (-0.8133706964553121, 0.1873682774047306, -0.5507460746752395, 0), (0.5512469005000133, 0.5507460746752395, -0.6267420649030542, 0), (0.24277118676295828, 0.2422775618335229, 0.2667012429478366, 1) ),
                124: ( (0.1861479470493156, -0.8114598971778597, -0.5539691120282993, 0), (-0.8114598971778597, 0.19092522733022743, -0.5523408303221827, 0), (0.5539691120282993, 0.5523408303221827, -0.622926825620457, 0), (0.24333389591484078, 0.24224714089645485, 0.26747205449713674, 1) ),
                125: ( (0.1866949447927524, -0.8084008517871453, -0.5582410415032643, 0), (-0.8084008517871453, 0.19647377944349165, -0.5548748659121336, 0), (0.5582410415032643, 0.5548748659121336, -0.616831275763756, 0), (0.24422400882835632, 0.24219550740358922, 0.26870103765301434, 1) ),
                126: ( (0.18776722299214876, -0.8039619038696101, -0.564259450161155, 0), (-0.8039619038696101, 0.2042247479168151, -0.5585136609472194, 0), (0.564259450161155, 0.5585136609472194, -0.6080080290910361, 0), (0.24549351072431927, 0.24211426025953342, 0.2704748041846625, 1) ),
                127: ( (0.18972039246194594, -0.7979280974635024, -0.5721161804759246, 0), (-0.7979280974635024, 0.21423513217093637, -0.5633951183867117, 0), (0.5721161804759246, 0.5633951183867117, -0.5960444753671177, 0), (0.24718037891269562, 0.24199203689407284, 0.27287098458404957, 1) ),
                128: ( (0.19303760422517957, -0.7901040554506127, -0.5817835206633979, 0), (-0.7901040554506127, 0.2264020954283683, -0.5696294170301771, 0), (0.5817835206633979, 0.5696294170301771, -0.5805603003464521, 0), (0.24930750547274663, 0.24181371904003207, 0.275959036291539, 1) ),
                129: ( (0.19831961055529468, -0.7803207369200376, -0.5931010703090711, 0), (-0.7803207369200376, 0.24046981754263252, -0.5772987219660048, 0), (0.5931010703090711, 0.5772987219660048, -0.5612105719020728, 0), (0.25188169190691223, 0.24155980335009575, 0.2798006322141924, 1) ),
                130: ( (0.20625524921678118, -0.7684446572528091, -0.6057652853293398, 0), (-0.7684446572528091, 0.25604901238375344, -0.5864569140157846, 0), (0.6057652853293398, 0.5864569140157846, -0.5376957383994654, 0), (0.2548927898278194, 0.24120599810841015, 0.28444952608945573, 1) ),
                131: ( (0.21757431752117218, -0.7543873260376037, -0.6193231617411304, 0), (-0.7543873260376037, 0.2726462711663794, -0.597129611669781, 0), (0.6193231617411304, 0.597129611669781, -0.5097794113124485, 0), (0.25831307960882127, 0.24072309939241154, 0.2899508281893438, 1) ),
                132: ( (0.23298741939066703, -0.7381126113350288, -0.6331718845573153, 0), (-0.7381126113350288, 0.2896984472158134, -0.6093148469132615, 0), (0.6331718845573153, 0.6093148469132615, -0.4773141333935196, 0), (0.2620970048106314, 0.24007719162127475, 0.2963396728376778, 1) ),
                133: ( (0.2531189936435446, -0.7196404601230908, -0.6465666115805127, 0), (-0.7196404601230908, 0.30660655788720126, -0.6229847725381323, 0), (0.6465666115805127, 0.6229847725381323, -0.44027444846925423, 0), (0.2661814068116534, 0.23923020543058163, 0.30363931888643425, 1) ),
                134: ( (0.2784402114518798, -0.6990465306928951, -0.6586387451197052, 0), (-0.6990465306928951, 0.3227642950322417, -0.6380886754821523, 0), (0.6586387451197052, 0.6380886754821523, -0.3987954935158786, 0), (0.270486422494308, 0.23814084714115025, 0.3118587950773023, 1) ),
                135: ( (0.30920800288137384, -0.6764583286821725, -0.6684269148610299, 0), (-0.6764583286821725, 0.3375779216433258, -0.6545573132854714, 0), (0.6684269148610299, 0.6545573132854714, -0.35321407547530037, 0), (0.2749172082512604, 0.23676588642205876, 0.3209902811397003, 1) ),
                136: ( (0.34541560979449315, -0.652049031913117, -0.674922304040595, 0), (-0.652049031913117, 0.3504765063441987, -0.6723081722557981, 0), (0.674922304040595, 0.6723081722557981, -0.30410788386130827, 0), (0.2793666264690976, 0.23506175153314224, 0.3310064961658811, 1) ),
                137: ( (0.3867592093518374, -0.6260302876057553, -0.6771287861122116, 0), (-0.6260302876057553, 0.3609134829639876, -0.6912507047483273, 0), (0.6771287861122116, 0.6912507047483273, -0.252327307684175, 0), (0.2837189686266669, 0.23298633698849638, 0.3418584378914942, 1) ),
                138: ( (0.4326244979047872, -0.5986450848477572, -0.6741365634648907, 0), (-0.5986450848477572, 0.3683619819873041, -0.7112900341028313, 0), (0.6741365634648907, 0.7112900341028313, -0.19901352010790863, 0), (0.28785468921681034, 0.23050088229213556, 0.3534738659909143, 1) ),
                139: ( (0.48209652604472064, -0.5701616634359127, -0.6652056953481419, 0), (-0.5701616634359127, 0.3723071213071689, -0.7323271707180895, 0), (0.6652056953481419, 0.7323271707180895, -0.14559635264811055, 0), (0.2916559907268409, 0.22757174170519456, 0.36575693332772247, 1) ),
                140: ( (0.5339951450656688, -0.54086954846168, -0.6498533039026221, 0), (-0.54086954846168, 0.37223858216162575, -0.7542536506356208, 0), (0.6498533039026221, 0.7542536506356208, -0.09376627277270533, 0), (0.2950129445892137, 0.22417184533813153, 0.37858932616792884, 1) ),
                141: ( (0.5869367256613626, -0.5110792213858055, -0.6279357527148755, 0), (-0.5110792213858055, 0.36764658888995616, -0.7769388747805444, 0), (0.6279357527148755, 0.7769388747805444, -0.04541668544868127, 0), (0.29782967847923714, 0.220281662778188, 0.39183316753889225, 1) ),
                142: ( (0.639420066385183, -0.4811274466838683, -0.5997152313818865, 0), (-0.4811274466838683, 0.35802412066608036, -0.8002094157586135, 0), (0.5997152313818865, 0.8002094157586135, -0.0025558129487366354, 0), (0.3000300365374752, 0.21588953011683948, 0.4053357664518805, 1) ),
                143: ( (0.6899306750046512, -0.4513904985076737, -0.5658995330839389, 0), (-0.4513904985076737, 0.34287797689738375, -0.8238211643407511, 0), (0.5658995330839389, 0.8238211643407511, 0.03280865190203497, 0), (0.3015620593268267, 0.21099129058338506, 0.41893607177805653, 1) ),
                144: ( (0.7370533371073043, -0.4223070620557816, -0.5276448839861908, 0), (-0.4223070620557816, 0.32175121486533265, -0.847427224645572, 0), (0.5276448839861908, 0.847427224645572, 0.0588045519726369, 0), (0.30240066413121636, 0.20558931877045478, 0.43247243959985593, 1) ),
                145: ( (0.7795789105654077, -0.3944111102993154, -0.4865147462041755, 0), (-0.3944111102993154, 0.29425934548018995, -0.8705465603114124, 0), (0.4865147462041755, 0.8705465603114124, 0.07383825604559768, 0), (0.302548050731157, 0.199691128413337, 0.44579108545739177, 1) ),
                146: ( (0.816588652758601, -0.3683725069303985, -0.4443924710475036, 0), (-0.3683725069303985, 0.2601422654423575, -0.8925400259194719, 0), (0.4443924710475036, 0.8925400259194719, 0.07673091820095856, 0), (0.30203160991731604, 0.19330787511764858, 0.4587544129619728, 1) ),
                147: ( (0.8474991318951326, -0.34503971370589026, -0.40335197706563186, 0), (-0.34503971370589026, 0.21933294207626308, -0.9126010390559107, 0), (0.40335197706563186, 0.9126010390559107, 0.06683207397139568, 0), (0.3008994437395873, 0.18645312709544964, 0.4712483298586546, 1) ),
                148: ( (0.8720536189366167, -0.32547536341609695, -0.36549729617154464, 0), (-0.32547536341609695, 0.17204213741409657, -0.9297673315207139, 0), (0.36549729617154464, 0.9297673315207139, 0.04409575635071328, 0), (0.29921396624987007, 0.17914226366157354, 0.4831877107213425, 1) ),
                149: ( (0.8902519646257636, -0.31097239925221537, -0.33278762955267577, 0), (-0.31097239925221537, 0.11885590692422865, -0.9429578146940295, 0), (0.33278762955267577, 0.9429578146940295, 0.009107871549992264, 0), (0.2970443742802674, 0.17139276247744784, 0.49451934886210347, 1) ),
                150: ( (0.9022198082798382, -0.3030368046295717, -0.30686823326533946, 0), (-0.3030368046295717, 0.06083938531319055, -0.9510348386019368, 0), (0.30686823326533946, 0.9510348386019368, -0.03694080640697117, 0), (0.294458991331214, 0.16322546251919431, 0.5052220387118174, 1) ),
                151: ( (0.9080283935329002, -0.3033232790289522, -0.2889280618721291, 0), (-0.3033232790289522, -0.0003632113764129308, -0.95288764105566, 0), (0.2889280618721291, 0.95288764105566, -0.0923348178435126, 0), (0.29151854127107185, 0.15466667202102813, 0.5153037986148437, 1) ),
                152: ( (0.9074868012605247, -0.3135128101886953, -0.279602259263991, 0), (-0.3135128101886953, -0.0624460454470539, -0.9475284741133703, 0), (0.279602259263991, 0.9475284741133703, -0.1549592441865293, 0), (0.2882712801382241, 0.1457507761978947, 0.5247966203414309, 1) ),
                153: ( (0.8999376707001177, -0.33512584195840733, -0.27893163841076773, 0), (-0.33512584195840733, -0.12239371933612797, -0.9341897277955574, 0), (0.27893163841076773, 0.9341897277955574, -0.22245604863601032, 0), (0.28475062041768484, 0.13652283951269006, 0.5337494493722408, 1) ),
                154: ( (0.8840945899873286, -0.3692714254691046, -0.28638325769351963, 0), (-0.3692714254691046, -0.17648853192509906, -0.9124091255741247, 0), (0.28638325769351963, 0.9124091255741247, -0.29239394193777035, 0), (0.28097547619119084, 0.1270406331860482, 0.5422203036455221, 1) ),
                155: ( (0.857964048779781, -0.416341556336631, -0.30092756515247543, 0), (-0.416341556336631, -0.22039730113155298, -0.8820911166773642, 0), (0.30092756515247543, 0.8820911166773642, -0.36243325235177193, 0), (0.2769531181610141, 0.11737557069391992, 0.5502684956232737, 1) ),
                156: ( (0.8188970736802332, -0.4756720218858004, -0.321159945063243, 0), (-0.4756720218858004, -0.2493661864161134, -0.8435357921673264, 0), (0.321159945063243, 0.8435357921673264, -0.4304691127358802, 0), (0.27268393983869316, 0.10761219474465249, 0.5579478306437722, 1) ),
                157: ( (0.763814181345877, -0.545208896612039, -0.3454492081768472, 0), (-0.545208896612039, -0.25855456791934683, -0.7974313728861705, 0), (0.3454492081768472, 0.7974313728861705, -0.49474038657346986, 0), (0.26816727151016456, 0.09784609532898271, 0.5653014399818648, 1) ),
                158: ( (0.6896376290906822, -0.6212458738008052, -0.3720934087398709, 0), (-0.6212458738008052, -0.243534886602901, -0.7448116025497898, 0), (0.3720934087398709, 0.7448116025497898, -0.5538972575122187, 0), (0.26340727848384743, 0.08818039949553333, 0.5723586175501594, 1) ),
                159: ( (0.5939376487579189, -0.6983310285688061, -0.3994644463853428, 0), (-0.6983310285688061, -0.20096390116018403, -0.6869841955740418, 0), (0.3994644463853428, 0.6869841955740418, -0.6070262524022652, 0), (0.25841804887968667, 0.07872120530285556, 0.579133721712596, 1) ),
                160: ( (0.47574144493617865, -0.769471337650665, -0.4261266690834233, 0), (-0.769471337650665, -0.12937811647885322, -0.6254399759453187, 0), (0.4261266690834233, 0.6254399759453187, -0.6536366715426745, 0), (0.25322718335854805, 0.06957249034742494, 0.5856269315228908, 1) ),
                161: ( (0.3363585465602832, -0.8267611271537962, -0.4509201334862288, 0), (-0.8267611271537962, -0.029974782060092853, -0.5617539951507551, 0), (0.4509201334862288, 0.5617539951507551, -0.6936162354998097, 0), (0.24787749033336232, 0.06083108417811053, 0.5918264489747869, 1) ),
                162: ( (0.1799638682763215, -0.8624842925664499, -0.4730051280812645, 0), (-0.8624842925664499, 0.09287026980110069, -0.49748965623741503, 0), (0.4730051280812645, 0.49748965623741503, -0.7271658619225778, 0), (0.24242670224467341, 0.05258225173427247, 0.5977116348353727, 1) ),
                163: ( (0.013617650215990262, -0.8705621797382042, -0.49186995315028326, 0), (-0.8705621797382042, 0.23165848521469645, -0.434115004851824, 0), (0.49186995315028326, 0.434115004851824, -0.7547238645693133, 0), (0.2369454045661306, 0.044896310244750444, 0.6032565544049191, 1) ),
                164: ( (-0.15351201114714996, -0.8479815086034895, -0.5073080163964567, 0), (-0.8479815086034895, 0.37662318902224223, -0.37293744054099276, 0), (0.5073080163964567, 0.37293744054099276, -0.7768888221249077, 0), (0.23151356960384423, 0.037826526804796506, 0.6084334740974446, 1) ),
                165: ( (-0.3116744262838531, -0.7956827705010799, -0.5193726799980501, 0), (-0.7956827705010799, 0.5173260539462055, -0.3150598080304332, 0), (0.5193726799980501, 0.3150598080304332, -0.7943483723376477, 0), (0.22621619411369848, 0.0314083544801915, 0.6132159636491792, 1) ),
                166: ( (-0.45238411280055835, -0.7184898373887908, -0.5283190021707351, 0), (-0.7184898373887908, 0.6445653447450925, -0.2613577431848329, 0), (0.5283190021707351, 0.2613577431848329, -0.8078187680554658, 0), (0.22113855636705707, 0.02565989371637988, 0.6175813933346872, 1) ),
                167: ( (-0.569946329400769, -0.6240410655368562, -0.5345408591737545, 0), (-0.6240410655368562, 0.7519486850069487, -0.2124757012929852, 0), (0.5345408591737545, 0.2124757012929852, -0.8179976443938202, 0), (0.21636155300108276, 0.020583335966102345, 0.6215127456490683, 1) ),
                168: ( (-0.6621431751716935, -0.521126660191548, -0.5385103709411286, 0), (-0.521126660191548, 0.8366127539317757, -0.16883750767022443, 0), (0.5385103709411286, 0.16883750767022443, -0.8255304212399177, 0), (0.2119574751742565, 0.016167068982188428, 0.6249997684820359, 1) ),
                169: ( (-0.7299675700435986, -0.4180481883814539, -0.5407245684039423, 0), (-0.4180481883814539, 0.8989782867405941, -0.1306665686391536, 0), (0.5407245684039423, 0.1306665686391536, -0.8309892833030044, 0), (0.20798646433152798, 0.012388098490708982, 0.6280395721747136, 1) ),
                170: ( (-0.7766920966917878, -0.32148312786830446, -0.541662242945294, 0), (-0.32148312786830446, 0.9418293120702065, -0.09801094541617851, 0), (0.541662242945294, 0.09801094541617851, -0.8348627846215815, 0), (0.20449377274436714, 0.00921446131773039, 0.6306368139055307, 1) ),
                171: ( (-0.8067234419757074, -0.23601239840231333, -0.5417521905514138, 0), (-0.23601239840231333, 0.9691696853511235, -0.07076912318795574, 0), (0.5417521905514138, 0.07076912318795574, -0.8375537566245839, 0), (0.20150785782552044, 0.006607358474184326, 0.6328036231717258, 1) ),
                172: ( (-0.8246090415945098, -0.1641862712321196, -0.5413527471616613, 0), (-0.1641862712321196, 0.9852258039686411, -0.048713278818383894, 0), (0.5413527471616613, 0.048713278818383894, -0.8393832376258687, 0), (0.19903926873461625, 0.004522810120655262, 0.6345594086919317, 1) ),
                173: ( (-0.8343704508079433, -0.10688518521506495, -0.540741627766987, 0), (-0.10688518521506495, 0.9937720089126889, -0.0315079590449756, 0), (0.540741627766987, 0.0315079590449756, -0.8405984418952543, 0), (0.19708023863678373, 0.0029127159243173177, 0.6359306581594828, 1) ),
                174: ( (-0.839173119813776, -0.06375525421444295, -0.5401145642750859, 0), (-0.06375525421444295, 0.9977899130885733, -0.018723164763177858, 0), (0.5401145642750859, 0.018723164763177858, -0.8413832067252027, 0), (0.1956048708478676, 0.0017252847480147939, 0.6369508060279718, 1) ),
                175: ( (-0.84125723810622, -0.03358331087123847, -0.5395909752440462, 0), (-0.03358331087123847, 0.999387462682708, -0.009841781522919478, 0), (0.5395909752440462, 0.009841781522919478, -0.841869775423512, 0), (0.19456979414561995, 0.0009048702539979788, 0.6376602078664109, 1) ),
                176: ( (-0.8420360232685857, -0.014559440424228047, -0.5392247752213908, 0), (-0.014559440424228047, 0.9998849222801351, -0.004262029021654415, 0), (0.5392247752213908, 0.004262029021654415, -0.8421511009884506, 0), (0.19391515354920677, 0.00039130960448384357, 0.6381062281301421, 1) ),
                177: ( (-0.8422823772592265, -0.004429816122990581, -0.5390183426263551, 0), (-0.004429816122990581, 0.9999893483913619, -0.0012960836917444546, 0), (0.5390183426263551, 0.0012960836917444546, -0.8422930288678647, 0), (0.19356579101574686, 0.00011890861565045575, 0.6383434250271689, 1) ),
                178: ( (-0.8423455333375804, -0.0005683101479873158, -0.5389375469289589, 0), (-0.0005683101479873158, 0.9999998246928068, -0.0001662465978877785, 0), (0.5389375469289589, 0.0001662465978877785, -0.8423457086447736, 0), (0.1934324512799311, 0.00001524770965142575, 0.6384338032566843, 1) ),
                179: ( (-0.8423533955642633, -3.858380506446501e-9, -0.5389255579218302, 0), (-3.858380506446501e-9, 1, -1.1286541833493002e-9, 0), (0.5389255579218302, 1.1286541833493002e-9, -0.8423533955642633, 0), (0.19341281962362714, -1.0961608160294297e-10, 0.6384471026123721, 1) ),
            }
            uniform token[] xformOpOrder = ["xformOp:transform"]
        }

        def Cylinder "link_7"
        {
            uniform token axis = "Z"
            double height = 0.09000000000000002
            color3f[] primvars:displayColor = [(0.15, 0.45, 0.85)]
            double radius = 0.028
            matrix4d xformOp:transform.timeSamples = {
                0: ( (-0.8423533955642633, -3.8583805728187825e-9, -0.5389255579218302, 0), (-3.8583805728187825e-9, 1, -1.1286542027645327e-9, 0), (0.5389255579218302, 1.1286542027645327e-9, -0.8423533955642633, 0), (0.22574835309893695, -4.189683011542837e-11, 0.5879058988785164, 1) ),
                1: ( (-0.8423455341729291, 0.0005679753565463346, -0.5389375459762638, 0), (0.0005679753565463346, 0.999999824899293, 0.00016614866166758002, 0), (0.5389375459762638, -0.00016614866166758002, -0.8423457092736362, 0), (0.22576870404269683, -0.000025211523685094844, 0.5878930605998165, 1) ),
                2: ( (-0.8422823950281866, 0.004427259042367755, -0.5390183358689713, 0), (0.004427259042367755, 0.9999893606850496, 0.0012953355076931144, 0), (0.5390183358689713, -0.0012953355076931144, -0.842293034343137, 0), (0.2259068912372591, -0.00019658745142165312, 0.5878058421518111, 1) ),
                3: ( (-0.8420361787450281, 0.014551055262717454, -0.5392247587743094, 0), (0.014551055262717454, 0.999885054804188, 0.004259573918518859, 0), (0.5392247587743094, -0.004259573918518859, -0.8421511239408401, 0), (0.22626863962013952, -0.000646747745704676, 0.5875771577409648, 1) ),
                4: ( (-0.841258017440091, 0.03356399174256769, -0.5395909622585178, 0), (0.03356399174256769, 0.9993881674751585, 0.00983611554169285, 0), (0.5395909622585178, -0.00983611554169285, -0.8418698499649326, 0), (0.22694525450786535, -0.0014947221821559509, 0.5871480088596109, 1) ),
                5: ( (-0.8391758673635696, 0.06371865119754319, -0.5401146148033457, 0), (0.06371865119754319, 0.9977924533577889, 0.018712389259806724, 0), (0.5401146148033457, -0.018712389259806724, -0.8413834140057808, 0), (0.22801175685552577, -0.002847428692742948, 0.5864677823326234, 1) ),
                6: ( (-0.8343781030922579, 0.10682408796380691, -0.5407418934305593, 0), (0.10682408796380691, 0.9937791528638166, 0.03148983270797164, 0), (0.5407418934305593, -0.03148983270797164, -0.8405989502284414, 0), (0.22952477748768935, -0.00480109726498444, 0.5854946805989238, 1) ),
                7: ( (-0.8246270424444895, 0.16409325797778634, -0.5413535291798603, 0), (0.16409325797778634, 0.9852426842925169, 0.048685272252616214, 0), (0.5413535291798603, -0.048685272252616214, -0.8393843581519724, 0), (0.23152053986440835, -0.007442367720351244, 0.5841962660183342, 1) ),
                8: ( (-0.8067606731231804, 0.23588092729027285, -0.5417540073156029, 0), (0.23588092729027285, 0.9692046585433257, 0.07072848081640379, 0), (0.5417540073156029, -0.07072848081640379, -0.8375560145798546, 0), (0.23401322183875128, -0.01084880487906004, 0.5825501095219401, 1) ),
                9: ( (-0.7767615056861656, 0.3213092202540429, -0.5416659009610085, 0), (0.3213092202540429, 0.941894500364926, 0.0979547607931612, 0), (0.5416659009610085, -0.0979547607931612, -0.8348670053212397, 0), (0.2369939605493131, -0.015088618663595125, 0.5805445215410914, 1) ),
                10: ( (-0.7300860091837029, 0.4178326916500806, -0.5407312280446386, 0), (0.4178326916500806, 0.8990893185166416, 0.1305918799839013, 0), (0.5407312280446386, -0.1305918799839013, -0.8309966906670614, 0), (0.24043074740781745, -0.020219451674391705, 0.5781793096017738, 1) ),
                11: ( (-0.6623298887879245, 0.5208777293182467, -0.5385215961486068, 0), (0.5208777293182467, 0.8367871439178904, 0.16874142014931318, 0), (0.5385215961486068, -0.16874142014931318, -0.8255427448700341, 0), (0.24426944365091233, -0.026286201215750246, 0.5754664557323953, 1) ),
                12: ( (-0.570219728633341, 0.6237760201791228, -0.5345586382491764, 0), (0.6237760201791228, 0.7522024999079842, 0.2123555409723837, 0), (0.5345586382491764, -0.2123555409723837, -0.8180172287253569, 0), (0.2484361182924837, -0.03331797191133634, 0.5724305450943685, 1) ),
                13: ( (-0.45275711350983605, 0.7182351915905545, -0.5283457255690833, 0), (0.7182351915905545, 0.6449084395169077, 0.2612112443995214, 0), (0.5283457255690833, -0.2612112443995214, -0.8078486739929285, 0), (0.25284085421968233, -0.04132440032068692, 0.5691087158527306, 1) ),
                14: ( (-0.312149584696479, 0.7954714239285489, -0.5194110611903662, 0), (0.7954714239285489, 0.5177571264229879, 0.3148853311148313, 0), (0.5194110611903662, -0.3148853311148313, -0.7943924582734911, 0), (0.2573830701435653, -0.050291740875869316, 0.565549853437382, 1) ),
                15: ( (-0.15407841700279068, 0.8478471051994514, -0.5073609441204804, 0), (0.8478471051994514, 0.37712662917484285, 0.3727342106275346, 0), (0.5073609441204804, -0.3727342106275346, -0.7769517878279477, 0), (0.26195825690995417, -0.060179233979439264, 0.561812736566536, 1) ),
                16: ( (0.012984010619637831, 0.8705321291008633, -0.4919402683978488, 0), (0.8705321291008633, 0.23220475053029577, 0.43388335533214617, 0), (0.4919402683978488, -0.43388335533214617, -0.7548112388500665, 0), (0.2664658271566042, -0.07091636822054226, 0.5579628746968317, 1) ),
                17: ( (0.17929597700227895, 0.8625739179126504, -0.4730953273576254, 0), (0.8625739179126504, 0.09342010881644502, 0.4972312534480753, 0), (0.4730953273576254, -0.4972312534480753, -0.7272839141812759, 0), (0.2708175426694147, -0.08240167290118522, 0.5540678711335505, 1) ),
                18: ( (0.33569191037152335, 0.8269710190195738, -0.45103201107332175, 0), (0.8269710190195738, -0.02946370362694517, 0.5614720152156396, 0), (0.45103201107332175, -0.5614720152156396, -0.6937717932554217, 0), (0.27494574581351705, -0.09450361037852617, 0.5501913099976935, 1) ),
                19: ( (0.4751077172430379, 0.7697884653621422, -0.42626092433098706, 0), (0.7697884653621422, -0.12894454895039553, 0.6251392020113415, 0), (0.42626092433098706, -0.6251392020113415, -0.6538368317073577, 0), (0.27881042707513715, -0.10706396534065918, 0.5463853938932324, 1) ),
                20: ( (0.5933602545007075, 0.6987325866790064, -0.39962029564540424, 0), (0.6987325866790064, -0.20063823836911365, 0.6866710053708424, 0), (0.39962029564540424, -0.6866710053708424, -0.6072779838684061, 0), (0.2824040660616467, -0.11990385194993108, 0.5426828319616102, 1) ),
                21: ( (0.6891301052998449, 0.6217041465816592, -0.372268252866929, 0), (0.6217041465816592, -0.24333701161264698, 0.7444938232803534, 0), (0.372268252866929, -0.7444938232803534, -0.5542069063128021, 0), (0.2857532420903131, -0.1328321042347375, 0.5390887572727268, 1) ),
                22: ( (0.7633808385997634, 0.5456956872171682, -0.3456384125228339, 0), (0.5456956872171682, -0.25849394987805807, 0.7971179930405683, 0), (0.3456384125228339, -0.7971179930405683, -0.4951131112782947, 0), (0.28891625946076804, -0.14565542876255458, 0.5355736856261626, 1) ),
                23: ( (0.8185350736222845, 0.47616189352025995, -0.32135678677968205, 0), (0.47616189352025995, -0.24944336829512248, 0.8432365369057395, 0), (0.32135678677968205, -0.8432365369057395, -0.430908294672838, 0), (0.2919764758624638, -0.15818934946647342, 0.532068655005068, 1) ),
                24: ( (0.8576660161685988, 0.4168137574341629, -0.3011233905280354, 0), (0.4168137574341629, -0.22060595586348453, 0.8818159126774555, 0), (0.3011233905280354, -0.8818159126774555, -0.3629399396948858, 0), (0.2950316206200693, -0.17026873807704396, 0.5284636512546084, 1) ),
                25: ( (0.883851144226858, 0.36971071214375095, -0.28656787010241486, 0), (0.36971071214375095, -0.17681753956155966, 0.9121674994372236, 0), (0.28656787010241486, -0.9121674994372236, -0.2929663953347017, 0), (0.29818005730804964, -0.18175666566055426, 0.5246101959671414, 1) ),
                26: ( (0.8997395392397971, 0.3355225065541785, -0.27909390735764705, 0), (0.3355225065541785, -0.12282899510755163, 0.933990195642583, 0), (0.27909390735764705, -0.933990195642583, -0.22308945586775453, 0), (0.3015055619037059, -0.19255046824210784, 0.5203285457049165, 1) ),
                27: ( (0.9073263713334986, 0.31386219167674845, -0.279730907335343, 0), (0.31386219167674845, -0.06297203186714184, 0.9473779857260733, 0), (0.279730907335343, -0.9473779857260733, -0.15564566053364315, 0), (0.3050626198629389, -0.20258428574564907, 0.5154193685324602, 1) ),
                28: ( (0.9079006691412632, 0.30362496270781064, -0.2890125550794067, 0), (0.30362496270781064, -0.000964036543531499, 0.9527911380015156, 0), (0.2890125550794067, -0.9527911380015156, -0.09306336740226828, 0), (0.3088643790232639, -0.21182785315132766, 0.5096791068645493, 1) ),
                29: ( (0.9021227984740993, 0.3032936602551186, -0.30689967761845643, 0), (0.3032936602551186, 0.060179051741633294, 0.950994972321374, 0), (0.30689967761845643, -0.950994972321374, -0.03769814978426744, 0), (0.3128751666384955, -0.22028189984348956, 0.5029176169473621, 1) ),
                30: ( (0.8901865660430723, 0.3111895685371818, -0.3327595679617422, 0), (0.3111895685371818, 0.11815026561922493, 0.9429748497005365, 0), (0.3327595679617422, -0.9429748497005365, 0.008336831662297373, 0), (0.3170088981842849, -0.2279710316454762, 0.49497621468311687, 1) ),
                31: ( (0.8720230851561859, 0.32565928400723726, -0.36540630768307886, 0), (0.32565928400723726, 0.17130390750912294, 0.929839234498093, 0), (0.36540630768307886, -0.929839234498093, 0.04332699266530882, 0), (0.32113386156393453, -0.23493532249200844, 0.4857440554192971, 1) ),
                32: ( (0.8475082471086118, 0.34519724843672267, -0.4031980044030522, 0), (0.34519724843672267, 0.2185732141648562, 0.9127237313236463, 0), (0.4031980044030522, -0.9127237313236463, 0.06608146127346803, 0), (0.32508340461225715, -0.24122195788966944, 0.47517088757894016, 1) ),
                33: ( (0.8166427437954769, 0.368510228421469, -0.44417883848169964, 0), (0.368510228421469, 0.25937052472159894, 0.8927077587062854, 0), (0.44417883848169964, -0.8927077587062854, 0.0760132685170758, 0), (0.3286711671672715, -0.24687813413149767, 0.46327464175639277, 1) ),
                34: ( (0.7796828346672472, 0.3945347701334826, -0.4862478714410646, 0), (0.3945347701334826, 0.2934836257121197, 0.8707523623824334, 0), (0.4862478714410646, -0.8707523623824334, 0.07316646037936692, 0), (0.3317088488611105, -0.2519460680896692, 0.45014298090158755, 1) ),
                35: ( (0.7372105706128982, 0.42242125231869, -0.527333727506704, 0), (0.42242125231869, 0.32097834061795594, 0.8476633709460693, 0), (0.527333727506704, -0.8476633709460693, 0.058188911230854234, 0), (0.3340242047978955, -0.25646050045199686, 0.4359287276106857, 1) ),
                36: ( (0.6901426016307453, 0.4514984943964793, -0.5655548593832954, 0), (0.4514984943964793, 0.34211385135506733, 0.8240796213162388, 0), (0.5655548593832954, -0.8240796213162388, 0.03225645298581248, 0), (0.3354770504163087, -0.26044858945814897, 0.42083986265632434, 1) ),
                37: ( (0.6396855277559426, 0.4812312048145225, -0.5993487741643962, 0), (0.4812312048145225, 0.35727401942829873, 0.8004822312545798, 0), (0.5993487741643962, -0.8004822312545798, -0.0030404528157588206, 0), (0.33597148951733014, -0.26393169345607737, 0.4051254239987216, 1) ),
                38: ( (0.5872518577122452, 0.5111795006661923, -0.6275593786345474, 0), (0.5111795006661923, 0.36691542582603665, 0.77721849462655, 0), (0.6275593786345474, -0.77721849462655, -0.04583271646171827, 0), (0.33546324639345215, -0.2669282978498486, 0.3890590322707429, 1) ),
                39: ( (0.5343534884774404, 0.5409661185439756, -0.6494782582500013, 0), (0.5409661185439756, 0.3715311203435129, 0.7545331571268153, 0), (0.6494782582500013, -0.7545331571268153, -0.09411539117904688, 0), (0.33396174130328504, -0.2694572795630493, 0.3729218843192507, 1) ),
                40: ( (0.482489371869409, 0.5702535680572097, -0.6648419918680561, 0), (0.5702535680572097, 0.37162810924934475, 0.7326004480846148, 0), (0.6648419918680561, -0.7326004480846148, -0.14588251888124626, 0), (0.331527256987479, -0.2715408007033792, 0.3569869039433761, 1) ),
                41: ( (0.4330414133416326, 0.5987309314430131, -0.6737925541770726, 0), (0.5987309314430131, 0.3677162023782403, 0.7115518717858221, 0), (0.6737925541770726, -0.7115518717858221, -0.1992423842801272, 0), (0.32826409276043284, -0.27320633198758243, 0.34150537787727014, 1) ),
                42: ( (0.3871886827722899, 0.6261085383118324, -0.6768109205576399, 0), (0.6261085383118324, 0.3603057079291594, 0.6914968511039571, 0), (0.6768109205576399, -0.6914968511039571, -0.2525056092985507, 0), (0.3243109309998713, -0.2744875616072957, 0.32669692233339526, 1) ),
                43: ( (0.3458457559792769, 0.6521182733227706, -0.674635064808857, 0), (0.6521182733227706, 0.34991136067902684, 0.6725353501982482, 0), (0.674635064808857, -0.6725353501982482, -0.30424288334169614, 0), (0.3198297394090981, -0.2754241868736738, 0.31274311409185734, 1) ),
                44: ( (0.3096272753158936, 0.6765174986489471, -0.6681729000806814, 0), (0.6765174986489471, 0.33705966412904476, 0.6547632066930671, 0), (0.6681729000806814, -0.6547632066930671, -0.3533130605550616, 0), (0.31499443460526133, -0.2760607714526862, 0.29978466035009155, 1) ),
                45: ( (0.27883807495146706, 0.6990950816172801, -0.6584188597054985, 0), (0.6990950816172801, 0.3222965381754167, 0.6382718921734459, 0), (0.6584188597054985, -0.6382718921734459, -0.39886538687311623, 0), (0.3099802979696514, -0.2764449599444807, 0.2879216282968632, 1) ),
                46: ( (0.253486515482066, 0.7196784416748774, -0.6463803269416392, 0), (0.7196784416748774, 0.30619195747543504, 0.6231447871608824, 0), (0.6463803269416392, -0.6231447871608824, -0.44032152704249894, 0), (0.30495483127459333, -0.2766253745472183, 0.2772160340687061, 1) ),
                47: ( (0.23331774053157772, 0.7381406633991054, -0.6330175297651467, 0), (0.7381406633991054, 0.2893384029245135, 0.6094519256100688, 0), (0.6330175297651467, -0.6094519256100688, -0.47734385654390876, 0), (0.3000704290011591, -0.27664949106663295, 0.2676959999820171, 1) ),
                48: ( (0.2178629695366363, 0.754406585216568, -0.6191982159910961, 0), (0.754406585216568, 0.2723406850063703, 0.5972447199198486, 0), (0.6191982159910961, -0.5972447199198486, -0.5097963454569934, 0), (0.29545897243206354, -0.2765617262538307, 0.2593607078330389, 1) ),
                49: ( (0.20650028998083536, 0.7684565955444826, -0.6056666500658714, 0), (0.7684565955444826, 0.2557961499172391, 0.5865516093675824, 0), (0.6056666500658714, -0.5865516093675824, -0.5377035601019255, 0), (0.29122824433262273, -0.27640188822135026, 0.2521854733969611, 1) ),
                50: ( (0.19852156494887807, 0.7803269649640443, -0.5930253080605008, 0), (0.7803269649640443, 0.24026630584120723, 0.5773750341220366, 0), (0.5930253080605008, -0.5773750341220366, -0.5612121292099146, 0), (0.28745993113150553, -0.27620406472231085, 0.2461264099008844, 1) ),
                51: ( (0.19319921463866518, 0.7901061299323184, -0.5817270553329776, 0), (0.7901061299323184, 0.22624307278402023, 0.5696897185842648, 0), (0.5817270553329776, -0.5696897185842648, -0.5805577125773147, 0), (0.2842089168290861, -0.27599596176354513, 0.24112430731908274, 1) ),
                52: ( (0.1898462047143481, 0.7979273693455194, -0.5720754598869776, 0), (0.7979273693455194, 0.21411454163937937, 0.5634419901887838, 0), (0.5720754598869776, -0.5634419901887838, -0.5960392536462726, 0), (0.2815035652956879, -0.275798661889731, 0.23710750856237142, 1) ),
                53: ( (0.18786305154773986, 0.8039594311769594, -0.5642310757879179, 0), (0.8039594311769594, 0.20413574556585434, 0.5585497564263122, 0), (0.5642310757879179, -0.5585497564263122, -0.6080012028864057, 0), (0.2793467168211913, -0.2756267465841451, 0.2339937000411329, 1) ),
                54: ( (0.18676727234755508, 0.8083973818397254, -0.5582218725690815, 0), (0.8083973818397254, 0.19640921381534104, 0.554902778658674, 0), (0.5582218725690815, -0.554902778658674, -0.6168235138371039, 0), (0.2777171717831606, -0.2754887161623392, 0.23169064684358281, 1) ),
                55: ( (0.18620331537090518, 0.8114559049525839, -0.5539563517665146, 0), (0.8114559049525839, 0.19087814177748297, 0.5523629688068874, 0), (0.5539563517665146, -0.5523629688068874, -0.622918542851612, 0), (0.27657148200511045, -0.27538763734501426, 0.23009599100493755, 1) ),
                56: ( (0.18593409939329208, 0.8133664541344124, -0.5512381717294422, 0), (0.8133664541344124, 0.1873323913725714, 0.5507645471809587, 0), (0.5512381717294422, -0.5507645471809587, -0.6267335092341364, 0), (0.2758459049788474, -0.2753219475065867, 0.22909629676034943, 1) ),
                57: ( (0.18581822077472554, 0.8143784116287598, -0.5497812214882698, 0), (0.8143784116287598, 0.18542490847921722, 0.5499139987202477, 0), (0.5497812214882698, -0.5499139987202477, -0.6287568707460571, 0), (0.27545838792665106, -0.2752863406737678, 0.228565571740014, 1) ),
                58: ( (0.18577910034348677, 0.8147632285625117, -0.5492240046264888, 0), (0.8147632285625117, 0.18469408130194842, 0.5495898267930566, 0), (0.5492240046264888, -0.5495898267930566, -0.6295268183545648, 0), (0.27531043251692755, -0.2752726506921249, 0.22836352014317585, 1) ),
                59: ( (0.18577357902135228, 0.8148198191839564, -0.5491419120797665, 0), (0.8148198191839564, 0.18458635014941838, 0.549542119954004, 0), (0.5491419120797665, -0.549542119954004, -0.6296400708292293, 0), (0.27528864652383167, -0.27527063045992617, 0.22833379566471446, 1) ),
                60: ( (0.18577357902135228, 0.8148198191839564, -0.5491419120797665, 0), (0.8148198191839564, 0.18458635014941838, 0.549542119954004, 0), (0.5491419120797665, -0.549542119954004, -0.6296400708292293, 0), (0.27528864652383167, -0.27527063045992617, 0.22833379566471446, 1) ),
                61: ( (0.18573745801856356, 0.8145094187565529, -0.5496144134260533, 0), (0.8145094187565529, 0.18524362961760488, 0.5497810513676858, 0), (0.5496144134260533, -0.5497810513676858, -0.6290189123638315, 0), (0.2754125969270412, -0.2752574031879026, 0.22845881641865373, 1) ),
                62: ( (0.18558701325418503, 0.8124586839576413, -0.5526919099943555, 0), (0.8124586839576413, 0.18949092919585064, 0.5513656451161162, 0), (0.5526919099943555, -0.5513656451161162, -0.6249220575499643, 0), (0.2762243414875615, -0.2751709816612129, 0.22928284738179605, 1) ),
                63: ( (0.1858659310235916, 0.8072236153195936, -0.5602177171021085, 0), (0.8072236153195936, 0.19962818169630325, 0.5554625315383499, 0), (0.5602177171021085, -0.5554625315383499, -0.6145058872801052, 0), (0.2782442567916586, -0.2749573983933899, 0.23137408619790098, 1) ),
                64: ( (0.18863233694853, 0.7976407302066216, -0.5728761707147398, 0), (0.7976407302066216, 0.21585396675564505, 0.5631841000519283, 0), (0.5728761707147398, -0.5631841000519283, -0.595513696295825, 0), (0.28177395113133397, -0.27458863495985497, 0.23517614282661276, 1) ),
                65: ( (0.19790918962329163, 0.782908866509013, -0.5898183274570435, 0), (0.782908866509013, 0.235814342554863, 0.5757128647051324, 0), (0.5898183274570435, -0.5757128647051324, -0.5662764678218455, 0), (0.28685458441221645, -0.2740650903566073, 0.241014733275278, 1) ),
                66: ( (0.21915659327305337, 0.7627683077431846, -0.6084035637038527, 0), (0.7627683077431846, 0.2548883857056671, 0.5943201321972508, 0), (0.6084035637038527, -0.5943201321972508, -0.5259550210212796, 0), (0.2932390626093836, -0.273409464293036, 0.24907569144114228, 1) ),
                67: ( (0.2577452207863943, 0.7375240499456276, -0.624200029568705, 0), (0.7375240499456276, 0.26717652822055427, 0.6202217172268404, 0), (0.624200029568705, -0.6202217172268404, -0.47507825099305157, 0), (0.3003952142684771, -0.2726472612857528, 0.2593475782993566, 1) ),
                68: ( (0.3170038972912613, 0.7076973834922701, -0.6314055293552208, 0), (0.7076973834922701, 0.2667079876217321, 0.6542409821594495, 0), (0.6314055293552208, -0.6542409821594495, -0.4162881150870066, 0), (0.3075591373845087, -0.27177093312063083, 0.2715391067880083, 1) ),
                69: ( (0.3966580152174364, 0.673434954890013, -0.6238171050043835, 0), (0.673434954890013, 0.24832905730710153, 0.6962887625326523, 0), (0.6238171050043835, -0.6962887625326523, -0.3550129274754621, 0), (0.3138541765779534, -0.27068805869073104, 0.2850036527555694, 1) ),
                70: ( (0.4922700733954084, 0.6340899807845775, -0.5963221202570752, 0), (0.6340899807845775, 0.20810241298912302, 0.7447303417860179, 0), (0.5963221202570752, -0.7447303417860179, -0.29962751361546847, 0), (0.3184731276825531, -0.2691600174353449, 0.29872208691562313, 1) ),
                71: ( (0.5959008908986237, 0.5883269333385681, -0.5466018182687125, 0), (0.5883269333385681, 0.1434562148348345, 0.7957962892183513, 0), (0.5466018182687125, -0.7957962892183513, -0.26064289426654175, 0), (0.3208886199694967, -0.266746925690754, 0.311397104032591, 1) ),
                72: ( (0.6978494198619822, 0.5347953722537896, -0.4764452717933357, 0), (0.5347953722537896, 0.05343193432418292, 0.8432905419903078, 0), (0.4764452717933357, -0.8432905419903078, -0.24871864581383485, 0), (0.32102237881009454, -0.26278538764483034, 0.3216834279032871, 1) ),
                73: ( (0.7889950994984664, 0.473112812040224, -0.3919834180814246, 0), (0.473112812040224, -0.060808220020375225, 0.8789008063833742, 0), (0.3919834180814246, -0.8789008063833742, -0.271813120521909, 0), (0.31929314299961226, -0.25643164082318115, 0.32851814475192653, 1) ),
                74: ( (0.8629801965242365, 0.40470659920826346, -0.302452887181247, 0), (0.40470659920826346, -0.19535590686852267, 0.8933356805864519, 0), (0.302452887181247, -0.8933356805864519, -0.33237571034428615, 0), (0.3164966750173646, -0.2467939280177922, 0.33144751340033674, 1) ),
                75: ( (0.9174296204853237, 0.33302963297713245, -0.21774791621338505, 0), (0.33302963297713245, -0.34320245459414833, 0.8782387709043985, 0), (0.21774791621338505, -0.8782387709043985, -0.4257728341088245, 0), (0.3135452334117127, -0.23314733275914867, 0.33081332368283456, 1) ),
                76: ( (0.9537809222849406, 0.262829595048363, -0.14567963568049444, 0), (0.262829595048363, -0.4946078426566831, 0.8284224079231655, 0), (0.14567963568049444, -0.8284224079231655, -0.5408269203717424, 0), (0.3111696353636145, -0.215178611182264, 0.32769757951355255, 1) ),
                77: ( (0.9759539734764856, 0.19848904739278658, -0.09008851048032397, 0), (0.19848904739278658, -0.6384370988017065, 0.7436398112922443, 0), (0.09008851048032397, -0.7436398112922443, -0.662483125325221, 0), (0.30971335636302716, -0.19317250141402953, 0.3236235142397435, 1) ),
                78: ( (0.9886134329477986, 0.1417353854365068, -0.05054266227983563, 0), (0.1417353854365068, -0.7642648036706698, 0.6291346361355398, 0), (0.05054266227983563, -0.6291346361355398, -0.7756513707228714, 0), (0.3091013955642071, -0.16805421126051318, 0.32012204296972313, 1) ),
                79: ( (0.9957758056413717, 0.08874800732752468, -0.023544343156496467, 0), (0.08874800732752468, -0.8645469729673798, 0.4946537402348587, 0), (0.023544343156496467, -0.4946537402348587, -0.8687711673260081, 0), (0.30897456720273575, -0.14125459782657082, 0.3183302285806961, 1) ),
                80: ( (0.999687063592977, 0.024611221255527175, -0.004479137546736168, 0), (0.024611221255527175, -0.9355760406747997, 0.3522666034462792, 0), (0.004479137546736168, -0.3522666034462792, -0.9358889770818226, 0), (0.30890202406527106, -0.11444000759790461, 0.3187605199320201, 1) ),
                81: ( (0.9951248369597561, -0.09804862051707042, 0.010631410090780884, 0), (-0.09804862051707042, -0.9719406112045692, 0.21381748363028655, 0), (-0.010631410090780884, -0.21381748363028655, -0.9768157742448131, 0), (0.30856588008857355, -0.08920355790895157, 0.3212901780799294, 1) ),
                82: ( (0.8624677672706942, -0.5055340829039376, 0.02417935982565213, 0), (-0.5055340829039376, -0.858216826018769, 0.08887727809032177, 0), (-0.02417935982565213, -0.08887727809032177, -0.9957490587480748, 0), (0.3078508560171843, -0.06681832580831493, 0.3253265569984304, 1) ),
                83: ( (-0.6727478945572427, 0.7389508305822909, 0.036904476023102865, 0), (0.7389508305822909, 0.6735620879900791, -0.01630287104124218, 0), (-0.036904476023102865, 0.01630287104124218, -0.9991858065671635, 0), (0.30683227354405607, -0.048109877976020524, 0.3300532127439636, 1) ),
                84: ( (0.6141386927012011, 0.7877116340628411, 0.04841536625192936, 0), (0.7877116340628411, -0.6080638475561468, -0.09883693063457602, 0), (-0.04841536625192936, 0.09883693063457602, -0.9939251548549457, 0), (0.30569920367153236, -0.03344691459982889, 0.33466513149900606, 1) ),
                85: ( (0.7665468283919666, 0.6395733276448916, 0.05789575500377349, 0), (0.6395733276448916, -0.7521888377749673, -0.1586124550342267, 0), (-0.05789575500377349, 0.1586124550342267, -0.9856420093830005, 0), (0.3046610576833186, -0.022806566439292596, 0.33853796548685955, 1) ),
                86: ( (0.8083586826349954, 0.5851245444868586, 0.06469549943899429, 0), (0.5851245444868586, -0.7865183628897026, -0.19753007942171458, 0), (-0.06469549943899429, 0.19753007942171458, -0.978159680254707, 0), (0.3038734945736432, -0.015858998248951643, 0.3413167730645922, 1) ),
                87: ( (0.8232346056887401, 0.5635324463275765, 0.06867289081261838, 0), (0.5635324463275765, -0.7965553682116493, -0.21893087335792089, 0), (-0.06867289081261838, 0.21893087335792089, -0.9733207625229092, 0), (0.3033994163496839, -0.012029196784341258, 0.3429360231245454, 1) ),
                88: ( (0.8280313503393061, 0.5562584411835535, 0.07028961137542795, 0), (0.5562584411835535, -0.7993015238444372, -0.2273623112831247, 0), (-0.07028961137542795, 0.2273623112831247, -0.9712701735051312, 0), (0.30320422231234473, -0.010518208956196175, 0.34359234337526706, 1) ),
                89: ( (0.8287142853040046, 0.5552090653689742, 0.07053741606539954, 0), (0.5552090653689742, -0.7996661707311465, -0.2286414422634192, 0), (-0.07053741606539954, 0.2286414422634192, -0.970951885427142, 0), (0.30317418360365295, -0.010288864903783283, 0.3436928353788885, 1) ),
                90: ( (0.8287142853040016, 0.5552090653689785, 0.07053741606540014, 0), (0.5552090653689785, -0.7996661707311437, -0.228641442263419, 0), (-0.07053741606540014, 0.228641442263419, -0.9709518854271422, 0), (0.3031741836036529, -0.01028886490378329, 0.3436928353788885, 1) ),
                91: ( (0.8321221987899755, 0.5501470949572115, 0.07007724445979231, 0), (0.5501470949572115, -0.8028698488325581, -0.22964794740151137, 0), (-0.07007724445979231, 0.22964794740151137, -0.9707476500425827, 0), (0.30325099205364037, -0.010065128949717526, 0.3436524342730261, 1) ),
                92: ( (0.8531784975788475, 0.5172904329173542, 0.06706011691964826, 0), (0.5172904329173542, -0.8225490651924574, -0.23627027608903906, 0), (-0.06706011691964826, 0.23627027608903906, -0.96937056761361, 0), (0.3037539316619411, -0.008592440838371957, 0.34339030084216404, 1) ),
                93: ( (0.8968926592604499, 0.4382242509308772, 0.059523639512299976, 0), (0.4382242509308772, -0.8625297939651462, -0.2529858897616937, 0), (-0.059523639512299976, 0.2529858897616937, -0.9656371347046964, 0), (0.30500505839767833, -0.004870052087645399, 0.34275688273357996, 1) ),
                94: ( (0.9491142928976266, 0.3115194878224661, 0.04623491888461222, 0), (0.3115194878224661, -0.9071050953057367, -0.2830476192749198, 0), (-0.04623491888461222, 0.2830476192749198, -0.9579908024081101, 0), (0.3071916566075297, 0.0018462041030610499, 0.34171789218141446, 1) ),
                95: ( (0.9871891334372299, 0.1572966750125538, 0.026746417581540623, 0), (0.1572966750125538, -0.9313481916913304, -0.32840265203448826, 0), (-0.026746417581540623, 0.32840265203448826, -0.9441590582541006, 0), (0.31034697605690725, 0.01204680019169659, 0.34038830234118034, 1) ),
                96: ( (0.999977273914065, 0.006607370375272427, 0.0013395193612017744, 0), (0.006607370375272427, -0.9210234177962684, -0.3894511606448291, 0), (-0.0013395193612017744, 0.3894511606448291, -0.9210461438822035, 0), (0.31434888652335813, 0.025949516875246676, 0.3390393872287009, 1) ),
                97: ( (0.9925833704428617, -0.11800582730525117, -0.029204065509652606, 0), (-0.11800582730525117, -0.877588083739995, -0.4646652343349648, 0), (0.029204065509652606, 0.4646652343349648, -0.8850047132971333, 0), (0.318946289616475, 0.04345981860822014, 0.33806232539051906, 1) ),
                98: ( (0.9755271653788554, -0.21035454904864911, -0.06401338377585346, 0), (-0.21035454904864911, -0.8080879060584714, -0.5502225911179718, 0), (0.06401338377585346, 0.5502225911179718, -0.8325607406796158, 0), (0.3238157261486577, 0.06412880238733769, 0.3378797423501584, 1) ),
                99: ( (0.9558194034722209, -0.2754527233944652, -0.10264046531743719, 0), (-0.2754527233944652, -0.7173648340787098, -0.639932412057553, 0), (0.10264046531743719, 0.639932412057553, -0.7615454306064888, 0), (0.3286387480904306, 0.0871425690989142, 0.3388103402141478, 1) ),
                100: ( (0.9354005037825196, -0.3222783049955051, -0.145473680274587, 0), (-0.3222783049955051, -0.6078036509930356, -0.7257488656338088, 0), (0.145473680274587, 0.7257488656338088, -0.6724031472105161, 0), (0.3331757610120837, 0.1113800579593591, 0.3409129490506276, 1) ),
                101: ( (0.912829219678008, -0.3594349105168995, -0.19377657444528082, 0), (-0.3594349105168995, -0.4820729425740593, -0.7990070232104953, 0), (0.19377657444528082, 0.7990070232104953, -0.5692437228960512, 0), (0.33730212248433, 0.13555824173530223, 0.34385941301718914, 1) ),
                102: ( (0.8850264371315468, -0.3932618920565663, -0.24914511802226783, 0), (-0.3932618920565663, -0.34513458472934877, -0.852189651826276, 0), (0.24914511802226783, 0.852189651826276, -0.46010814759780194, 0), (0.3409790369775515, 0.1584455222224181, 0.3468972239483601, 1) ),
                103: ( (0.8484090602052755, -0.42729973720773673, -0.31243719551903615, 0), (-0.42729973720773673, -0.20445895820058113, -0.88068806565874, 0), (0.31243719551903615, 0.88068806565874, -0.3560498979953055, 0), (0.34416101314502623, 0.17908305947583064, 0.34894762288637937, 1) ),
                104: ( (0.7997551734623884, -0.46262330208666697, -0.38258507927854873, 0), (-0.46262330208666697, -0.06879325340958342, -0.8838818748292973, 0), (0.38258507927854873, 0.8838818748292973, -0.269038079947195, 0), (0.3466825888250645, 0.19693589286103952, 0.34883860398856076, 1) ),
                105: ( (0.7371397419882437, -0.4987595419139737, -0.45592095820577144, 0), (-0.4987595419139737, 0.0536375390793723, -0.8650791488362625, 0), (0.45592095820577144, 0.8650791488362625, -0.2092227189323841, 0), (0.3481930249093082, 0.21191857053364477, 0.3456109855789361, 1) ),
                106: ( (0.6609050499607239, -0.534778840984264, -0.5265131585933446, 0), (-0.534778840984264, 0.15661259853221743, -0.8303517840147716, 0), (0.5265131585933446, 0.8303517840147716, -0.18248235150705883, 0), (0.34819405768568273, 0.22429513065138557, 0.33879215058838696, 1) ),
                107: ( (0.5742813610579928, -0.5700917285581101, -0.587534117622973, 0), (-0.5700917285581101, 0.23657423180231696, -0.7867833589221177, 0), (0.587534117622973, 0.7867833589221177, -0.18914440713969016, 0), (0.3461831437767233, 0.2345080863989949, 0.3285355148527079, 1) ),
                108: ( (0.4832247022224031, -0.6046749572914495, -0.6331367018161669, 0), (-0.6046749572914495, 0.292474300633518, -0.7408285763208101, 0), (0.6331367018161669, 0.7408285763208101, -0.2243009971440788, 0), (0.3418441860706589, 0.24301243135893033, 0.3155775453725622, 1) ),
                109: ( (0.39533456044658943, -0.6387788698218541, -0.6600546498477354, 0), (-0.6387788698218541, 0.3251831213765892, -0.6972929750405443, 0), (0.6600546498477354, 0.6972929750405443, -0.27948231817682134, 0), (0.33519937406927347, 0.2501702594897735, 0.3010399720051288, 1) ),
                110: ( (0.3181393575512308, -0.6724124938520395, -0.6683178789233242, 0), (-0.6724124938520395, 0.3369047372135281, -0.6590573845688739, 0), (0.6683178789233242, 0.6590573845688739, -0.3449559052352411, 0), (0.32665661269327484, 0.256219505736516, 0.28616145284643263, 1) ),
                111: ( (0.2573109792457775, -0.7049521942380298, -0.6609337817047681, 0), (-0.7049521942380298, 0.3308671836075645, -0.6273510266593857, 0), (0.6609337817047681, 0.6273510266593857, -0.411821837146658, 0), (0.31693965915011235, 0.26129562316795346, 0.2720540168173282, 1) ),
                112: ( (0.21537817779009005, -0.7351099016475454, -0.6428263163806817, 0), (-0.7351099016475454, 0.31127767262673167, -0.6022621049209566, 0), (0.6428263163806817, 0.6022621049209566, -0.4733441495831783, 0), (0.30693765018058816, 0.2654735332151017, 0.25954832465821853, 1) ),
                113: ( (0.19133317119480842, -0.7613035817766644, -0.6195227792216844, 0), (-0.7613035817766644, 0.2832856214934466, -0.5832376128381069, 0), (0.6195227792216844, 0.5832376128381069, -0.525381207311745, 0), (0.2975319643436132, 0.26880542839532523, 0.24914303316914824, 1) ),
                114: ( (0.18126695809514315, -0.7822480180481911, -0.5960120201494351, 0), (-0.7822480180481911, 0.2526111315641367, -0.5694520651201148, 0), (0.5960120201494351, 0.5694520651201148, -0.56612191034072, 0), (0.2894493046918911, 0.2713449033470144, 0.24103388168831996, 1) ),
                115: ( (0.179836244870905, -0.7974272022721924, -0.5759937344338704, 0), (-0.7974272022721924, 0.2246790486083282, -0.5600260549231622, 0), (0.5759937344338704, 0.5600260549231622, -0.5954847065207667, 0), (0.2831653833446619, 0.273158972723223, 0.23518086574902564, 1) ),
                116: ( (0.1820080789328995, -0.8071822719651303, -0.5615423750959191, 0), (-0.8071822719651303, 0.20348452913223458, -0.5541216709613902, 0), (0.5615423750959191, 0.5541216709613902, -0.614507391934866, 0), (0.2788605885931963, 0.2743337299020564, 0.23137531169377545, 1) ),
                117: ( (0.18437165778237286, -0.8124586577161377, -0.5530985638280683, 0), (-0.8124586577161377, 0.19069870879771078, -0.5509491192160834, 0), (0.5530985638280683, 0.5509491192160834, -0.6249296334199164, 0), (0.2764163250159087, 0.2749787382833501, 0.2292833798155759, 1) ),
                118: ( (0.1855468908204444, -0.8145137668835092, -0.5496723340901407, 0), (-0.8145137668835092, 0.18542557089495737, -0.5497132718204248, 0), (0.5496723340901407, 0.5497132718204248, -0.6290275382845982, 0), (0.2754376520560944, 0.2752327939903366, 0.22845923010602526, 1) ),
                119: ( (0.1857376271587814, -0.8148242094949617, -0.5491475589295982, 0), (-0.8148242094949617, 0.18461356618702862, -0.5495264677889671, 0), (0.5491475589295982, 0.5495264677889671, -0.6296488066541901, 0), (0.2752883870046578, 0.27527133654416136, 0.22833419701744287, 1) ),
                120: ( (0.1857376271587814, -0.8148242094949617, -0.5491475589295982, 0), (-0.8148242094949617, 0.18461356618702862, -0.5495264677889671, 0), (0.5491475589295982, 0.5495264677889671, -0.6296488066541901, 0), (0.2752883870046578, 0.27527133654416136, 0.22833419701744287, 1) ),
                121: ( (0.18574281497291334, -0.8147676138212674, -0.549229771729407, 0), (-0.8147676138212674, 0.18472163741494174, -0.5495740642886463, 0), (0.549229771729407, 0.5495740642886463, -0.6295355476121449, 0), (0.2753101868624317, 0.27527334397278647, 0.22836392226000252, 1) ),
                122: ( (0.18577967388848493, -0.8143827609879205, -0.5497878057719904, 0), (-0.8143827609879205, 0.18545477173033087, -0.5498974870356678, 0), (0.5497878057719904, 0.5498974870356678, -0.6287655543811841, 0), (0.27545823648974427, 0.27528694702015094, 0.22856597916320937, 1) ),
                123: ( (0.18588965769221621, -0.8133706964553125, -0.5512469005000126, 0), (-0.8133706964553125, 0.18736827740472894, -0.5507460746752396, 0), (0.5512469005000126, 0.5507460746752396, -0.6267420649030548, 0), (0.27584600079295907, 0.27532232631403725, 0.2290967190536533, 1) ),
                124: ( (0.18614794704931448, -0.8114598971778596, -0.5539691120283001, 0), (-0.8114598971778596, 0.19092522733022887, -0.5523408303221826, 0), (0.5539691120283001, 0.5523408303221826, -0.6229268256204565, 0), (0.2765720426365388, 0.2753875907157858, 0.2300964449599093, 1) ),
                125: ( (0.18669494479275328, -0.8084008517871452, -0.558241041503264, 0), (-0.8084008517871452, 0.1964737794434911, -0.5548748659121339, 0), (0.558241041503264, 0.5548748659121339, -0.6168312757637557, 0), (0.2777184713185522, 0.27548799935831725, 0.23169116110718901, 1) ),
                126: ( (0.18776722299214854, -0.8039619038696101, -0.5642594501611551, 0), (-0.8039619038696101, 0.20422474791681544, -0.5585136609472193, 0), (0.5642594501611551, 0.5585136609472193, -0.6080080290910361, 0), (0.27934907773398854, 0.2756250799163666, 0.2339943224392004, 1) ),
                127: ( (0.18972039246194394, -0.7979280974635029, -0.5721161804759247, 0), (-0.7979280974635029, 0.21423513217093726, -0.5633951183867109, 0), (0.5721161804759247, 0.5633951183867109, -0.5960444753671188, 0), (0.2815073497412511, 0.27579574399727547, 0.23710831606202254, 1) ),
                128: ( (0.19303760422517824, -0.7901040554506127, -0.5817835206633986, 0), (-0.7901040554506127, 0.22640209542836964, -0.5696294170301767, 0), (0.5817835206633986, 0.5696294170301767, -0.5805603003464521, 0), (0.2842145167125505, 0.2759914840618427, 0.2411254182707519, 1) ),
                129: ( (0.19831961055529246, -0.7803207369200376, -0.5931010703090719, 0), (-0.7803207369200376, 0.24046981754263463, -0.577298721966004, 0), (0.5931010703090719, 0.577298721966004, -0.5612105719020728, 0), (0.2874677561254565, 0.276197726668056, 0.24612799790006804, 1) ),
                130: ( (0.2062552492167794, -0.7684446572528092, -0.6057652853293405, 0), (-0.7684446572528092, 0.25604901238375477, -0.5864569140157841, 0), (0.6057652853293405, 0.5864569140157841, -0.5376957383994658, 0), (0.2912387069475798, 0.27639341294935715, 0.25218778178548784, 1) ),
                131: ( (0.21757431752117196, -0.7543873260376038, -0.6193231617411303, 0), (-0.7543873260376038, 0.2726462711663794, -0.5971296116697806, 0), (0.6193231617411303, 0.5971296116697806, -0.5097794113124485, 0), (0.2954724693132891, 0.27655087609259843, 0.25936406351059693, 1) ),
                132: ( (0.23298741939066703, -0.7381126113350294, -0.6331718845573149, 0), (-0.7381126113350294, 0.2896984472158124, -0.6093148469132615, 0), (0.6331718845573149, 0.6093148469132615, -0.47731413339352047, 0), (0.3000873178840703, 0.2766360824360704, 0.2677008248340666, 1) ),
                133: ( (0.2531189936435424, -0.7196404601230912, -0.6465666115805133, 0), (-0.7196404601230912, 0.30660655788720226, -0.6229847725381317, 0), (0.6465666115805133, 0.6229847725381317, -0.44027444846925534, 0), (0.3049754035064842, 0.2766092917828695, 0.277222851978279, 1) ),
                134: ( (0.2784402114518806, -0.699046530692895, -0.6586387451197047, 0), (-0.699046530692895, 0.32276429503224124, -0.6380886754821524, 0), (0.6586387451197047, 0.6380886754821524, -0.3987954935158782, 0), (0.31000474720149024, 0.2764261676700794, 0.2879310654663496, 1) ),
                135: ( (0.3092080028813735, -0.6764583286821727, -0.6684269148610298, 0), (-0.6764583286821727, 0.33757792164332556, -0.6545573132854713, 0), (0.6684269148610298, 0.6545573132854713, -0.35321407547530104, 0), (0.31502282314292224, 0.276039325219187, 0.29979743661118224, 1) ),
                136: ( (0.34541560979449293, -0.6520490319131169, -0.6749223040405953, 0), (-0.6520490319131169, 0.35047650634419913, -0.6723081722557979, 0), (0.6749223040405953, 0.6723081722557979, -0.3041078838613078, 0), (0.3198619647115333, 0.2754002418684901, 0.31276002313420265, 1) ),
                137: ( (0.38675920935183694, -0.6260302876057553, -0.6771287861122119, 0), (-0.6260302876057553, 0.3609134829639882, -0.691250704748327, 0), (0.6771287861122119, 0.691250704748327, -0.2523273076841748, 0), (0.3243466957933996, 0.274461379273396, 0.3267187994304438, 1) ),
                138: ( (0.43262449790478785, -0.5986450848477572, -0.6741365634648903, 0), (-0.5986450848477572, 0.3683619819873033, -0.7112900341028316, 0), (0.6741365634648903, 0.7112900341028316, -0.19901352010790885, 0), (0.3283028830247038, 0.27317828433830543, 0.3415330547844398, 1) ),
                139: ( (0.4820965260447204, -0.5701616634359127, -0.665205695348142, 0), (-0.5701616634359127, 0.37230712130716925, -0.7323271707180894, 0), (0.665205695348142, 0.7323271707180894, -0.14559635264811033, 0), (0.33156833244772943, 0.27151137194827996, 0.35702115216883584, 1) ),
                140: ( (0.5339951450656695, -0.5408695484616796, -0.6498533039026221, 0), (-0.5408695484616796, 0.372238582161626, -0.754253650635621, 0), (0.6498533039026221, 0.754253650635621, -0.09376627277270466, 0), (0.334004142823371, 0.2694270643762688, 0.37296334980156653, 1) ),
                141: ( (0.5869367256613629, -0.5110792213858057, -0.627935752714875, 0), (-0.5110792213858057, 0.36764658888995516, -0.7769388747805447, 0), (0.627935752714875, 0.7769388747805447, -0.04541668544868194, 0), (0.33550582364212966, 0.26689799526502067, 0.3891081664119713, 1) ),
                142: ( (0.6394200663851834, -0.48112744668386836, -0.599715231381886, 0), (-0.48112744668386836, 0.35802412066607936, -0.8002094157586138, 0), (0.599715231381886, 0.8002094157586138, -0.0025558129487373016, 0), (0.33601295042038837, 0.2639020950623563, 0.40518241767495633, 1) ),
                143: ( (0.6899306750046514, -0.4513904985076739, -0.5658995330839386, 0), (-0.4513904985076739, 0.34287797689738275, -0.8238211643407517, 0), (0.5658995330839386, 0.8238211643407517, 0.0328086519020343, 0), (0.335516031311863, 0.26042056044383016, 0.4209045908921786, 1) ),
                144: ( (0.7370533371073047, -0.4223070620557814, -0.5276448839861902, 0), (-0.4223070620557814, 0.3217512148653322, -0.8474272246455723, 0), (0.5276448839861902, 0.8474272246455723, 0.05880455197263701, 0), (0.33405935717038776, 0.2564349522491891, 0.43600071271821417, 1) ),
                145: ( (0.7795789105654074, -0.39441111029931536, -0.48651474620417595, 0), (-0.39441111029931536, 0.29425934548019095, -0.870546560311412, 0), (0.48651474620417595, 0.870546560311412, 0.07383825604559835, 0), (0.33173893550340755, 0.25192392203202174, 0.45022138082012764, 1) ),
                146: ( (0.8165886527586013, -0.36837250693039864, -0.4443924710475032, 0), (-0.36837250693039864, 0.2601422654423564, -0.8925400259194721, 0), (0.4443924710475032, 0.8925400259194721, 0.07673091820095768, 0), (0.3286951581801662, 0.2468602766728169, 0.46335826805403024, 1) ),
                147: ( (0.8474991318951327, -0.34503971370589004, -0.40335197706563164, 0), (-0.34503971370589004, 0.21933294207626308, -0.9126010390559107, 0), (0.40335197706563164, 0.9126010390559107, 0.06683207397139579, 0), (0.32510056236352525, 0.24120918943880426, 0.47525825429693835, 1) ),
                148: ( (0.872053618936617, -0.32547536341609656, -0.3654972961715441, 0), (-0.32547536341609656, 0.1720421374140959, -0.9297673315207142, 0), (0.3654972961715441, 0.9297673315207142, 0.044095756350712945, 0), (0.3211438040201627, 0.23492830355281638, 0.48583345610238526, 1) ),
                149: ( (0.8902519646257632, -0.31097239925221587, -0.33278762955267643, 0), (-0.31097239925221587, 0.11885590692422898, -0.9429578146940295, 0), (0.33278762955267643, 0.9429578146940295, 0.009107871549992153, 0), (0.31701163205342797, 0.22797023135908961, 0.495065821155103, 1) ),
                150: ( (0.9022198082798388, -0.3030368046295708, -0.30686823326533874, 0), (-0.3030368046295708, 0.060839385313190886, -0.9510348386019373, 0), (0.30686823326533874, 0.9510348386019373, -0.036940806406970284, 0), (0.31287108532713437, 0.22028755283531054, 0.5030055903273991, 1) ),
                151: ( (0.9080283935328999, -0.3033232790289528, -0.28892806187212966, 0), (-0.3033232790289528, -0.0003632113764129308, -0.95288764105566, 0), (0.28892806187212966, 0.95288764105566, -0.09233481784351305, 0), (0.30885422498339965, 0.21183993048436772, 0.5097637095442329, 1) ),
                152: ( (0.9074868012605251, -0.313512810188695, -0.2796022592639903, 0), (-0.313512810188695, -0.062446045447055454, -0.9475284741133702, 0), (0.2796022592639903, 0.9475284741133702, -0.1549592441865304, 0), (0.3050474156940635, 0.2026024846446969, 0.5154990656902392, 1) ),
                153: ( (0.8999376707001175, -0.3351258419584077, -0.27893163841076757, 0), (-0.3351258419584077, -0.12239371933612953, -0.9341897277955571, 0), (0.27893163841076757, 0.9341897277955571, -0.2224560486360121, 0), (0.3014865187223309, 0.1925742231804235, 0.52040208645408, 1) ),
                154: ( (0.8840945899873281, -0.36927142546910535, -0.2863832576935203, 0), (-0.36927142546910535, -0.17648853192509906, -0.9124091255741249, 0), (0.2863832576935203, 0.9124091255741249, -0.292393941937771, 0), (0.29815847165280207, 0.18178518072049565, 0.5246766671292559, 1) ),
                155: ( (0.8579640487797816, -0.4163415563366301, -0.3009275651524751, 0), (-0.4163415563366301, -0.22039730113155254, -0.882091116677365, 0), (0.3009275651524751, 0.882091116677365, -0.3624332523517708, 0), (0.29500877207016263, 0.17030103769456179, 0.5285225004821674, 1) ),
                156: ( (0.8188970736802336, -0.4756720218858003, -0.32115994506324247, 0), (-0.4756720218858003, -0.24936618641611563, -0.8435357921673264, 0), (0.32115994506324247, 0.8435357921673264, -0.43046911273588195, 0), (0.2919535365424877, 0.15822434227469206, 0.5321196838796193, 1) ),
                157: ( (0.763814181345877, -0.5452088966120389, -0.34544920817684743, 0), (-0.5452088966120389, -0.25855456791934617, -0.7974313728861708, 0), (0.34544920817684743, 0.7974313728861708, -0.4947403865734692, 0), (0.2888942240007754, 0.14569197770215297, 0.5356170167874565, 1) ),
                158: ( (0.6896376290906817, -0.6212458738008059, -0.3720934087398709, 0), (-0.6212458738008059, -0.24353488660290168, -0.7448116025497895, 0), (0.3720934087398709, 0.7448116025497895, -0.5538972575122201, 0), (0.2857328830082397, 0.1328690956485207, 0.5391247820994263, 1) ),
                159: ( (0.5939376487579193, -0.6983310285688059, -0.3994644463853424, 0), (-0.6983310285688059, -0.2009639011601847, -0.6869841955740418, 0), (0.3994644463853424, 0.6869841955740418, -0.6070262524022654, 0), (0.28238591566280724, 0.11994025703729806, 0.5427121465684601, 1) ),
                160: ( (0.4757414449361773, -0.7694713376506653, -0.42612666908342434, 0), (-0.7694713376506653, -0.12937811647885122, -0.625439975945319, 0), (0.42612666908342434, 0.625439975945319, -0.653636671542674, 0), (0.27879478350355347, 0.10709888890414408, 0.5464087312303304, 1) ),
                161: ( (0.33635854656028297, -0.8267611271537963, -0.4509201334862285, 0), (-0.8267611271537963, -0.029974782060092853, -0.5617539951507547, 0), (0.4509201334862285, 0.5617539951507547, -0.6936162354998099, 0), (0.27493269834253603, 0.09453632388715581, 0.5502094748447983, 1) ),
                162: ( (0.17996386827632238, -0.8624842925664497, -0.47300512808126427, 0), (-0.8624842925664497, 0.09287026980110014, -0.4974896562374152, 0), (0.47300512808126427, 0.4974896562374152, -0.7271658619225776, 0), (0.27080700992954926, 0.08243163110851738, 0.554081683120018, 1) ),
                163: ( (0.01361765021598993, -0.8705621797382038, -0.4918699531502838, 0), (-0.8705621797382038, 0.23165848521469723, -0.4341150048518242, 0), (0.4918699531502838, 0.4341150048518242, -0.7547238645693128, 0), (0.26645760175514765, 0.07094321053585992, 0.5579731225307603, 1) ),
                164: ( (-0.1535120111471513, -0.8479815086034899, -0.5073080163964565, 0), (-0.8479815086034899, 0.37662318902224245, -0.37293744054099226, 0), (0.5073080163964565, 0.37293744054099226, -0.7768888221249088, 0), (0.2619520505876316, 0.06020277323725605, 0.5618201447699502, 1) ),
                165: ( (-0.31167442628385267, -0.7956827705010807, -0.5193726799980495, 0), (-0.7956827705010807, 0.5173260539462045, -0.31505980803043326, 0), (0.5193726799980495, 0.31505980803043326, -0.7943483723376481, 0), (0.2573785549135814, 0.050311942962017485, 0.5655550613089204, 1) ),
                166: ( (-0.45238411280055746, -0.7184898373887915, -0.5283190021707341, 0), (-0.7184898373887915, 0.6445653447450916, -0.26135774318483285, 0), (0.5283190021707341, 0.26135774318483285, -0.8078187680554658, 0), (0.25283769649730115, 0.04134135830746986, 0.5691122672513593, 1) ),
                167: ( (-0.569946329400769, -0.6240410655368562, -0.5345408591737545, 0), (-0.6240410655368562, 0.7519486850069487, -0.2124757012929852, 0), (0.5345408591737545, 0.2124757012929852, -0.8179976443938202, 0), (0.24843400455150802, 0.03333187804368146, 0.5724328869854391, 1) ),
                168: ( (-0.6621431751716935, -0.521126660191548, -0.5385103709411286, 0), (-0.521126660191548, 0.8366127539317757, -0.16883750767022443, 0), (0.5385103709411286, 0.16883750767022443, -0.8255304212399177, 0), (0.24426809743072425, 0.0262973194424019, 0.5754679432076408, 1) ),
                169: ( (-0.7299675700435986, -0.4180481883814542, -0.5407245684039416, 0), (-0.4180481883814542, 0.898978286740594, -0.13066656863915352, 0), (0.5407245684039416, 0.13066656863915352, -0.8309892833030046, 0), (0.2404299384357645, 0.020228092609058196, 0.5781802151765334, 1) ),
                170: ( (-0.7766920966917874, -0.3214831278683043, -0.5416622429452946, 0), (-0.3214831278683043, 0.9418293120702065, -0.0980109454161786, 0), (0.5416622429452946, 0.0980109454161786, -0.8348627846215808, 0), (0.23699350732108482, 0.015095118042701108, 0.5805450468282358, 1) ),
                171: ( (-0.8067234419757079, -0.23601239840231325, -0.5417521905514139, 0), (-0.23601239840231325, 0.9691696853511235, -0.07076912318795572, 0), (0.5417521905514139, 0.07076912318795572, -0.8375537566245843, 0), (0.23401298925860528, 0.010853505865461667, 0.5825503977742508, 1) ),
                172: ( (-0.8246090415945098, -0.16418627123211957, -0.5413527471616613, 0), (-0.16418627123211957, 0.9852258039686411, -0.04871327881838389, 0), (0.5413527471616613, 0.04871327881838389, -0.8393832376258685, 0), (0.2315204335643159, 0.007445606849758294, 0.5841964144343796, 1) ),
                173: ( (-0.8343704508079441, -0.10688518521506493, -0.5407416277669865, 0), (-0.10688518521506493, 0.9937720089126889, -0.03150795904497555, 0), (0.5407416277669865, 0.03150795904497555, -0.8405984418952552, 0), (0.22952473630280296, 0.004803193467015853, 0.5854947516457676, 1) ),
                174: ( (-0.8391731198137768, -0.06375525421444299, -0.5401145642750856, 0), (-0.06375525421444299, 0.9977899130885733, -0.018723164763177855, 0), (0.5401145642750856, 0.018723164763177855, -0.8413832067252036, 0), (0.22801174470437272, 0.0028486746338054645, 0.5864678136244597, 1) ),
                175: ( (-0.84125723810622, -0.03358331087123851, -0.5395909752440468, 0), (-0.03358331087123851, 0.999387462682708, -0.009841781522919498, 0), (0.5395909752440468, 0.009841781522919498, -0.841869775423512, 0), (0.22694525266026278, 0.0014953771453731488, 0.5871480213410001, 1) ),
                176: ( (-0.8420360232685862, -0.01455944042422805, -0.53922477522139, 0), (-0.01455944042422805, 0.9998849222801351, -0.004262029021654408, 0), (0.53922477522139, 0.004262029021654408, -0.842151100988451, 0), (0.22626864006249017, 0.000647031345783108, 0.587577162070835, 1) ),
                177: ( (-0.8422823772592265, -0.004429816122990582, -0.5390183426263555, 0), (-0.004429816122990582, 0.9999893483913619, -0.0012960836917444562, 0), (0.5390183426263555, 0.0012960836917444562, -0.8422930288678647, 0), (0.22590689157332816, 0.0001966736371551231, 0.5878058432950971, 1) ),
                178: ( (-0.8423455333375809, -0.0005683101479873161, -0.5389375469289581, 0), (-0.0005683101479873161, 0.9999998246928068, -0.00016624659788777834, 0), (0.5389375469289581, 0.00016624659788777834, -0.8423457086447741, 0), (0.2257687040956686, 0.00002522250552469245, 0.587893060737998, 1) ),
                179: ( (-0.8423533955642633, -3.8583805064465025e-9, -0.5389255579218302, 0), (-3.8583805064465025e-9, 1, -1.1286541833493007e-9, 0), (0.5389255579218302, 1.1286541833493007e-9, -0.8423533955642633, 0), (0.22574835309893695, -4.189683060198492e-11, 0.5879058988785164, 1) ),
            }
            uniform token[] xformOpOrder = ["xformOp:transform"]
        }
    }
}

